dttm,lon,lat,temp,sal,fluor,wind_sp,wind_dir
2018-10-15T12:05:22.000Z,-70.75134000000001,41.454889999999985,18.092,31.8488,NA,10.13,209.87
2018-10-15T13:05:22.000Z,-70.87508833333334,41.39664500000001,17.6805,31.9408,NA,14.73,183.9
2018-10-15T14:05:22.000Z,-71.02319166666666,41.34514166666666,17.9222,31.8322,NA,16.37,178.09
2018-10-15T15:05:22.000Z,-71.13739166666664,41.28858166666667,18.2039,31.7987,NA,22.54,178
2018-10-15T16:05:22.000Z,-71.14346499999999,41.313898333333334,18.1647,31.7716,NA,20.09,172.96
2018-10-15T17:05:22.000Z,-71.16451666666666,41.33993,18.3095,31.7388,NA,22.99,206.42
2018-10-15T18:05:22.000Z,-71.23191166666668,41.395165,18.2616,31.705,NA,21.57,210.69
2018-10-15T19:05:22.000Z,-71.22375666666666,41.47006666666666,18.0068,31.4328,NA,20.32,196.6
2018-10-15T20:05:22.000Z,-71.23685666666668,41.50093499999999,18.4321,31.3267,NA,27.17,210.73
2018-10-15T21:05:22.000Z,-71.23682000000001,41.500931666666666,18.2349,31.0327,NA,23.8,213.15
2018-10-15T22:05:22.000Z,-71.23673500000001,41.50090166666667,18.3739,31.2013,NA,23.11,216.86
2018-10-15T23:05:22.000Z,-71.23676666666667,41.50089500000001,NA,NA,NA,17.95,222.86
2018-10-16T00:05:22.000Z,-71.23672166666667,41.50089833333333,NA,NA,NA,23.8,227.25
2018-10-16T01:05:22.000Z,-71.23654,41.500805000000014,NA,NA,NA,20.16,231.29
2018-10-16T02:05:22.000Z,-71.23658666666667,41.50082666666667,NA,NA,NA,25.71,223.7
2018-10-16T03:05:22.000Z,-71.23644666666667,41.50074166666666,NA,NA,NA,25.33,227.01
2018-10-16T04:05:22.000Z,-71.23657666666668,41.50083333333333,NA,NA,NA,29.53,229.02
2018-10-16T05:05:22.000Z,-71.23630666666666,41.50062500000001,NA,NA,NA,21.4,239.62
2018-10-16T06:05:22.000Z,-71.23648833333333,41.499224999999996,NA,NA,NA,13,305.64
2018-10-16T07:05:22.000Z,-71.23646,41.49923666666667,NA,NA,NA,12.03,329.33
2018-10-16T08:05:22.000Z,-71.23645166666665,41.49924333333333,NA,NA,NA,17.8,311.86
2018-10-16T09:05:22.000Z,-71.23661,41.49913166666666,NA,NA,NA,16.09,307.18
2018-10-16T10:05:22.000Z,-71.23644833333333,41.49923666666667,NA,NA,NA,14.9,312.55
2018-10-16T11:05:22.000Z,-71.23621000000001,41.499500000000005,NA,NA,NA,15.08,323.42
2018-10-16T12:05:22.000Z,-71.236195,41.499466666666656,NA,NA,NA,8.4,305.84
2018-10-16T13:05:22.000Z,-71.23633166666667,41.49934499999999,NA,NA,NA,14.89,298.02
2018-10-16T14:05:22.000Z,-71.23639,41.49927833333333,NA,NA,NA,18.13,312.38
2018-10-16T15:05:22.000Z,-71.23633,41.49934833333334,NA,NA,NA,7.93,312.82
2018-10-16T16:05:22.000Z,-71.23621666666666,41.499500000000005,NA,NA,NA,11.85,309.95
2018-10-16T17:05:22.000Z,-71.23610333333333,41.49984500000001,NA,NA,NA,4.21,282.75
2018-10-16T18:05:22.000Z,-71.22713666666665,41.483276666666676,17.8852,31.4014,NA,9.49,256.47
2018-10-16T19:05:22.000Z,-71.22213333333333,41.40380833333334,17.9431,31.5897,NA,11.8,268.23
2018-10-16T20:05:22.000Z,-71.16162833333333,41.32066833333333,17.9395,31.9163,NA,14.06,251.15
2018-10-16T21:05:22.000Z,-71.09507833333333,41.21856666666666,17.7934,31.9604,NA,12.49,231.99
2018-10-16T22:05:22.000Z,-71.02446333333334,41.10326499999999,17.469,32.1456,NA,15.09,264
2018-10-16T23:05:22.000Z,-70.95853333333334,40.98694833333333,17.444,32.343,NA,17.4,277.73
2018-10-17T00:05:22.000Z,-70.87782333333332,40.86956000000001,18.1635,33.1833,NA,25.74,261.76
2018-10-17T01:05:22.000Z,-70.79395500000001,40.75116333333334,17.9628,33.1425,NA,16.1,273.4
2018-10-17T02:05:22.000Z,-70.69886666666666,40.648734999999995,17.2231,33.0013,NA,20.53,276.81
2018-10-17T03:05:22.000Z,-70.60837,40.54457333333333,17.2466,33.0742,NA,11.04,252.64
2018-10-17T04:05:22.000Z,-70.54883166666667,40.50628833333333,16.776,32.9139,NA,18.86,272.72
2018-10-17T05:05:22.000Z,-70.50898666666666,40.51931666666667,16.7479,32.8429,NA,13.47,282.61
2018-10-17T06:05:22.000Z,-70.43629666666668,40.42948166666667,17.0171,33.0196,NA,16.96,272.02
2018-10-17T07:05:22.000Z,-70.37121833333335,40.34569666666666,15.9475,32.775,NA,17.88,268.46
2018-10-17T08:05:22.000Z,-70.31103166666668,40.258635,16.9026,33.0345,NA,19.45,263.49
2018-10-17T09:05:22.000Z,-70.25234166666668,40.17091333333333,17.6705,33.7751,NA,15.67,286.08
2018-10-17T10:05:22.000Z,-70.20124333333332,40.09529833333333,17.8953,33.5684,NA,15.96,264.84
2018-10-17T11:05:22.000Z,-70.164825,40.029241666666664,18.2584,33.8399,NA,12.76,285.55
2018-10-17T12:05:22.000Z,-70.12510833333334,39.95683666666666,20.2856,34.9675,NA,12.63,279.51
2018-10-17T13:05:22.000Z,-70.076675,39.87634666666668,19.456,34.5256,NA,16.89,289.35
2018-10-17T14:05:22.000Z,-70.04086999999998,39.824708333333334,20.8633,35.1998,NA,18.63,258.1
2018-10-17T15:05:22.000Z,-70.03110666666667,39.834181666666666,20.7186,35.1427,NA,15.06,264.92
2018-10-17T16:05:22.000Z,-70.022655,39.84711166666667,20.4306,34.9466,NA,18.21,241.72
2018-10-17T17:05:22.000Z,-70.02608,39.89153833333333,19.3531,34.4273,NA,27.16,241.87
2018-10-17T18:05:22.000Z,-69.96717666666667,39.82736500000001,20.6409,35.0782,NA,21.64,264.63
2018-10-17T19:05:22.000Z,-69.87334166666668,39.74163,21.2517,35.3477,NA,30.42,269.84
2018-10-17T20:05:22.000Z,-69.83763666666667,39.76665,21.1955,35.3087,NA,30.92,259.79
2018-10-17T21:05:22.000Z,-69.79759333333332,39.793148333333335,20.7536,35.1068,NA,39.42,255.53
2018-10-17T22:05:22.000Z,-69.75005333333334,39.78026666666666,20.9008,35.2259,NA,37.72,284.3
2018-10-17T23:05:22.000Z,-69.70867333333335,39.757713333333335,20.5197,35.0456,NA,40.88,288.26
2018-10-18T00:05:22.000Z,-69.672025,39.73139833333334,20.1523,34.9066,NA,31.89,290
2018-10-18T01:05:22.000Z,-69.63894499999999,39.70513999999999,19.8464,34.7839,NA,32.89,268.54
2018-10-18T02:05:22.000Z,-69.606395,39.676075,19.8954,34.8198,NA,37.9,305.97
2018-10-18T03:05:22.000Z,-69.582195,39.63925833333334,19.956,34.8449,NA,34.6,304.2
2018-10-18T04:05:22.000Z,-69.56601,39.60171333333334,20.0323,34.8831,NA,26.63,308.65
2018-10-18T05:05:22.000Z,-69.558685,39.562081666666664,20.565,35.184,NA,29.54,327.18
2018-10-18T06:05:22.000Z,-69.55844833333335,39.521555,20.7092,35.2386,NA,40.09,315.67
2018-10-18T07:05:22.000Z,-69.55761999999999,39.48401333333333,20.6145,35.1746,NA,38.6,326.61
2018-10-18T08:05:22.000Z,-69.55750833333332,39.447109999999995,20.8749,35.2853,NA,23.43,306.54
2018-10-18T09:05:22.000Z,-69.55862833333333,39.41204499999999,20.9734,35.3441,NA,31.09,319.22
2018-10-18T10:05:22.000Z,-69.56691666666669,39.37617166666666,20.827,35.2976,NA,36.78,315.28
2018-10-18T11:05:22.000Z,-69.57637833333334,39.342485,20.8062,35.2919,NA,12.84,334.37
2018-10-18T12:05:22.000Z,-69.58493166666668,39.31381666666667,20.9761,35.4045,NA,42.75,329.87
2018-10-18T13:05:22.000Z,-69.59234,39.28928166666667,20.9968,35.4406,NA,24.74,301.66
2018-10-18T14:05:22.000Z,-69.59946,39.26518000000001,20.8993,35.4306,NA,21.52,296.38
2018-10-18T15:05:22.000Z,-69.60604166666667,39.242375,20.6596,35.3516,NA,38.31,334.2
2018-10-18T16:05:22.000Z,-69.60851333333335,39.222988333333326,20.2755,35.193,NA,38.85,325.9
2018-10-18T17:05:22.000Z,-69.60372333333333,39.21116333333334,19.702,35.0153,NA,30.5,316.9
2018-10-18T18:05:22.000Z,-69.59403666666668,39.20137499999999,19.8135,35.0629,NA,28.91,316.89
2018-10-18T19:05:22.000Z,-69.577285,39.18945666666667,21.1644,35.3554,NA,26.12,330.61
2018-10-18T20:05:22.000Z,-69.555655,39.172066666666666,21.5386,35.3484,NA,32.9,323.21
2018-10-18T21:05:22.000Z,-69.53664,39.15006833333333,21.6002,35.3339,NA,28.8,325.13
2018-10-18T22:05:22.000Z,-69.52057666666666,39.12225666666667,21.623,35.3211,NA,24.46,330.48
2018-10-18T23:05:22.000Z,-69.50778333333334,39.0876,21.5792,35.3243,NA,20.7,322.27
2018-10-19T00:05:22.000Z,-69.48728,39.045784999999995,21.4994,35.3294,NA,23.68,353.71
2018-10-19T01:05:22.000Z,-69.41900333333334,38.982908333333334,21.4527,35.305,NA,17.92,302.53
2018-10-19T02:05:22.000Z,-69.35735166666666,38.92811166666667,21.5519,35.2894,NA,15.91,317.72
2018-10-19T03:05:22.000Z,-69.30525999999999,38.873251666666675,21.5177,35.2641,NA,23.59,345.74
2018-10-19T04:05:22.000Z,-69.28338166666667,38.82830166666666,21.3837,35.2719,NA,18.5,300.2
2018-10-19T05:05:22.000Z,-69.26290333333333,38.771080000000005,21.1331,35.1771,NA,15.48,328.24
2018-10-19T06:05:22.000Z,-69.24336833333334,38.71401833333334,20.8733,35.23,NA,17.48,300.91
2018-10-19T07:05:22.000Z,-69.19076000000001,38.67417666666666,21.1632,35.2011,NA,23.85,323.45
2018-10-19T08:05:22.000Z,-69.13035333333335,38.62343666666667,21.2192,35.1244,NA,12.87,6.05
2018-10-19T09:05:22.000Z,-69.05873833333332,38.547045,21.3448,35.218,NA,21.38,321.29
2018-10-19T10:05:22.000Z,-68.97675833333334,38.46747,20.8218,34.9707,NA,18.98,310.3
2018-10-19T11:05:22.000Z,-68.89632333333334,38.37859166666666,21.5898,34.8792,NA,19.85,313.67
2018-10-19T12:05:22.000Z,-68.80347833333335,38.29063000000001,21.8427,34.8531,NA,19.99,332.36
2018-10-19T13:05:22.000Z,-68.75091833333332,38.19399833333333,21.5723,34.9176,NA,17.13,306.17
2018-10-19T14:05:22.000Z,-68.72820499999999,38.158895,21.747,34.9205,NA,10.97,292.77
2018-10-19T15:05:22.000Z,-68.68044833333335,38.15566666666667,21.7628,34.9065,NA,18.85,299.86
2018-10-19T16:05:22.000Z,-68.61145833333332,38.15849833333333,21.7605,34.9183,NA,13.28,292.65
2018-10-19T17:05:22.000Z,-68.54278166666667,38.05051666666667,22.8128,35.0597,NA,6.39,297.02
2018-10-19T18:05:22.000Z,-68.441715,37.93564166666667,26.8828,36.1955,NA,8.1,276.5
2018-10-19T19:05:22.000Z,-68.34586833333333,37.820273333333326,26.9728,36.1306,NA,8,263.75
2018-10-19T20:05:22.000Z,-68.26690666666667,37.70586,26.6961,36.3925,NA,8.55,288.91
2018-10-19T21:05:22.000Z,-68.18308833333333,37.598975,26.8146,36.3899,NA,12.5,265
2018-10-19T22:05:22.000Z,-68.09510333333334,37.48561833333333,26.3,36.4247,NA,6.11,301.73
2018-10-19T23:05:22.000Z,-67.99848166666668,37.382593333333325,26.8362,36.3992,NA,10.31,225.48
2018-10-20T00:05:22.000Z,-67.911675,37.278193333333334,27.1529,36.3784,NA,3.31,253.25
2018-10-20T01:05:22.000Z,-67.86502333333333,37.164004999999996,26.8677,36.391,NA,9.3,181.97
2018-10-20T02:05:22.000Z,-67.83200333333333,37.04315833333333,26.3759,36.422,NA,15.24,217.59
2018-10-20T03:05:23.000Z,-67.79468000000001,36.93230666666667,26.0226,36.4211,NA,13.17,212.82
2018-10-20T04:05:24.000Z,-67.7825,36.90871166666666,26.1015,36.4149,NA,13.94,229.43
2018-10-20T05:05:25.000Z,-67.76064500000001,36.849646666666665,26.1234,36.4033,NA,14.81,219.95
2018-10-20T06:05:26.000Z,-67.69022333333334,36.74908166666667,25.968,36.412,NA,20.62,203.96
2018-10-20T07:05:27.000Z,-67.61448333333334,36.64524,25.9476,36.4193,NA,12.41,200.69
2018-10-20T08:05:28.000Z,-67.54878666666667,36.55407666666666,25.8874,36.4413,NA,13.64,198.21
2018-10-20T09:05:29.000Z,-67.45922999999999,36.464845,25.8438,36.4314,NA,16.84,212.75
2018-10-20T10:05:30.000Z,-67.37927333333333,36.38536500000001,25.8653,36.4311,NA,18.02,184.09
2018-10-20T11:05:30.000Z,-67.279395,36.31748833333334,25.9821,36.437,NA,17.51,209.01
2018-10-20T12:05:31.000Z,-67.17472166666667,36.26796500000001,25.843,36.4429,NA,14.67,206
2018-10-20T13:05:32.000Z,-67.08734333333334,36.25630166666667,25.8011,36.4416,NA,22.08,202.84
2018-10-20T14:05:33.000Z,-67.07389833333332,36.28705666666666,25.8135,36.4441,NA,22.68,205.37
2018-10-20T15:05:34.000Z,-67.07593666666668,36.31930666666666,25.7974,36.4393,NA,26.08,209.47
2018-10-20T16:05:35.000Z,-67.09371833333333,36.35716666666667,25.8294,36.4432,NA,28.29,191.05
2018-10-20T17:05:36.000Z,-67.03751833333335,36.38554833333334,25.7959,36.4493,NA,22.84,159.14
2018-10-20T18:05:37.000Z,-66.92003166666667,36.39892666666667,25.8697,36.4435,NA,27.56,173.3
2018-10-20T19:05:38.000Z,-66.77684166666667,36.40403,26.0029,36.4347,NA,25.72,183.71
2018-10-20T20:05:39.000Z,-66.66720000000001,36.40976500000001,25.8788,36.4313,NA,34.9,186.58
2018-10-20T21:05:40.000Z,-66.56158833333335,36.40833166666667,25.8038,36.4447,NA,30.68,220.02
2018-10-20T22:05:41.000Z,-66.48117833333333,36.41694666666667,25.8282,36.4174,NA,23.45,180.22
2018-10-20T23:05:41.000Z,-66.44275166666665,36.41728333333333,26.0361,36.4008,NA,30.49,172.73
2018-10-21T00:05:42.000Z,-66.40290666666667,36.418683333333334,26.1045,36.4188,NA,36.25,207.53
2018-10-21T01:05:43.000Z,-66.35958333333333,36.41847666666667,25.7876,36.4316,NA,39.06,196.02
2018-10-21T02:05:44.000Z,-66.31925166666667,36.42135333333333,25.504,36.4223,NA,34.83,200.66
2018-10-21T03:05:45.000Z,-66.27724166666668,36.427588333333325,25.494,36.4342,NA,33.64,196.04
2018-10-21T04:05:46.000Z,-66.22988833333334,36.43026,25.4347,36.4239,NA,40.51,213.85
2018-10-21T05:05:47.000Z,-66.18229166666667,36.43046666666667,25.9185,36.4088,NA,37.75,201.11
2018-10-21T06:05:48.000Z,-66.13182499999999,36.43036333333333,26.0775,36.4,NA,28.87,166.27
2018-10-21T07:05:49.000Z,-66.07872833333333,36.427863333333335,26.1931,36.4039,NA,20.91,178.5
2018-10-21T08:05:50.000Z,-66.01741166666666,36.42374333333333,26.2698,36.4013,NA,23.75,210.04
2018-10-21T09:05:51.000Z,-65.92383000000001,36.433135,25.9852,36.3788,NA,47.41,198.7
2018-10-21T10:05:52.000Z,-65.77679333333333,36.4579,25.4395,36.4249,NA,38.4,192.23
2018-10-21T11:05:53.000Z,-65.62795333333334,36.49623333333333,25.59,36.2352,NA,48.75,191.04
2018-10-21T12:05:54.000Z,-65.47540833333333,36.544995,25.5574,36.0295,NA,36.54,214.25
2018-10-21T13:05:54.000Z,-65.326995,36.58802166666666,25.306,35.8283,NA,39.34,212.6
2018-10-21T14:05:55.000Z,-65.208425,36.63135833333334,25.0854,35.7284,NA,40.92,220.19
2018-10-21T15:05:56.000Z,-65.06168666666667,36.703314999999996,25.0542,35.7343,NA,35.65,222.23
2018-10-21T16:05:57.000Z,-64.93755666666667,36.75830333333334,25.3467,35.8776,NA,32.75,233.66
2018-10-21T17:05:58.000Z,-64.84898499999998,36.818285,25.6013,36.1362,NA,23.71,236.14
2018-10-21T18:05:59.000Z,-64.74546833333333,36.825538333333334,25.5551,36.295,NA,40.88,266.81
2018-10-21T19:06:00.000Z,-64.63460500000001,36.80245833333334,25.5466,36.2839,NA,37.36,277.13
2018-10-21T20:06:01.000Z,-64.52984666666667,36.763940000000005,25.3001,36.2553,NA,35.84,276.15
2018-10-21T21:06:02.000Z,-64.40425833333333,36.75655666666666,25.2215,36.492,NA,43.13,292.98
2018-10-21T22:06:03.000Z,-64.26865166666667,36.77143166666667,25.3564,36.4111,NA,41.37,279.16
2018-10-21T23:06:04.000Z,-64.11959,36.782375,25.4454,36.4461,NA,26.72,329.99
2018-10-22T00:06:04.000Z,-63.970056666666665,36.777319999999996,25.2211,36.507,NA,41.77,286.96
2018-10-22T01:06:05.000Z,-63.84007,36.769951666666664,25.0613,36.5466,NA,33.69,293.02
2018-10-22T02:06:06.000Z,-63.732724999999995,36.75999166666667,25.0528,36.5397,NA,39.34,304.78
2018-10-22T03:06:07.000Z,-63.63709999999999,36.74856166666667,24.8285,36.5525,NA,44.67,322.97
2018-10-22T04:06:08.000Z,-63.54480833333334,36.73648166666667,24.5696,36.5865,NA,34.29,278.63
2018-10-22T05:06:09.000Z,-63.456048333333335,36.72568833333333,24.4612,36.6459,NA,25.19,331.46
2018-10-22T06:06:10.000Z,-63.363583333333324,36.70114333333334,24.6411,36.5738,NA,33.98,343.77
2018-10-22T07:06:11.000Z,-63.290944999999994,36.67354499999999,24.6937,36.5603,NA,28.31,319.03
2018-10-22T08:06:12.000Z,-63.20883666666668,36.63452333333333,24.638,36.5881,NA,25.63,338.23
2018-10-22T09:06:13.000Z,-63.120795,36.60490833333333,24.587,36.5961,NA,23.44,293.38
2018-10-22T10:06:14.000Z,-63.02555166666666,36.583081666666665,24.8109,36.5792,NA,29.06,292.86
2018-10-22T11:05:15.000Z,-62.93364666666666,36.567005,24.8343,36.5813,NA,27.24,343.13
2018-10-22T12:05:16.000Z,-62.848765,36.553085,24.8847,36.603,NA,26.14,339.76
2018-10-22T13:05:17.000Z,-62.775875,36.55147333333333,25.1849,36.5356,NA,19.4,318.7
2018-10-22T14:05:18.000Z,-62.68560166666666,36.54146999999999,25.3556,36.4852,NA,17.66,351.32
2018-10-22T15:05:18.000Z,-62.58904333333333,36.52185833333333,25.4294,36.4728,NA,18.99,328.66
2018-10-22T16:05:19.000Z,-62.501315000000005,36.50171,NA,NA,NA,17.81,337.93
2018-10-22T17:05:20.000Z,-62.413961666666665,36.47530999999999,25.4938,36.4607,NA,15.83,357.31
2018-10-22T18:05:21.000Z,-62.33398333333333,36.445278333333334,25.5478,36.4917,NA,16.12,1.64
2018-10-22T19:05:22.000Z,-62.29971000000001,36.42489333333334,25.5274,36.4917,NA,12.03,337.91
2018-10-22T20:05:23.000Z,-62.260731666666665,36.41034833333333,25.4388,36.495,NA,9.61,340.17
2018-10-22T21:05:24.000Z,-62.18871000000001,36.39362833333333,25.3395,36.4981,NA,17.59,338.29
2018-10-22T22:05:25.000Z,-62.10176333333334,36.36738166666666,25.6613,36.4775,NA,14.71,21.37
2018-10-22T23:05:26.000Z,-62.036393333333336,36.342256666666664,25.7095,36.4749,NA,15.11,335.39
2018-10-23T00:05:27.000Z,-61.99439333333333,36.318393333333326,25.633,36.4908,NA,4.77,314.43
2018-10-23T01:05:28.000Z,-61.93297,36.25956000000001,25.3643,36.4852,NA,16.9,335.93
2018-10-23T02:05:29.000Z,-61.85179333333334,36.177324999999996,25.2042,36.4893,NA,9.5,328.35
2018-10-23T03:05:29.000Z,-61.77227833333333,36.09477333333333,25.1938,36.4876,NA,15.37,5.26
2018-10-23T04:05:30.000Z,-61.73841999999999,36.069599999999994,25.1914,36.4972,NA,6.49,339.71
2018-10-23T05:05:31.000Z,-61.633981666666656,36.01555666666666,25.0993,36.5094,NA,19.82,9.22
2018-10-23T06:05:32.000Z,-61.53038666666666,35.963861666666666,25.2084,36.4994,NA,13,39.06
2018-10-23T07:05:33.000Z,-61.429043333333325,35.91398333333333,25.3511,36.4901,NA,3.63,31.43
2018-10-23T08:05:34.000Z,-61.329236666666674,35.863751666666666,25.1832,36.5316,NA,9.29,22.64
2018-10-23T09:05:35.000Z,-61.23376833333334,35.81385666666667,25.13,36.4733,NA,15.58,56.22
2018-10-23T10:05:36.000Z,-61.13821,35.76054166666667,25.2466,36.511,NA,17.85,52.97
2018-10-23T11:05:37.000Z,-61.067944999999995,35.680681666666665,24.9366,36.484,NA,18.26,50
2018-10-23T12:05:38.000Z,-60.99988833333333,35.6019,24.8651,36.4749,NA,12.08,27.18
2018-10-23T13:05:39.000Z,-60.98101833333333,35.56176833333333,24.8023,36.4612,NA,6.18,39.02
2018-10-23T14:05:40.000Z,-61.01418333333332,35.54742166666666,24.5962,36.4562,NA,6.68,99.23
2018-10-23T15:05:40.000Z,-61.05090166666667,35.54325333333333,24.4782,36.4941,NA,14.8,98.79
2018-10-23T16:05:41.000Z,-61.0826,35.53976666666666,24.3353,36.5274,NA,14.9,58.17
2018-10-23T17:05:42.000Z,-61.09964166666668,35.5243,24.1785,36.5713,NA,18.08,48.2
2018-10-23T18:05:43.000Z,-61.10809333333333,35.51340166666666,24.148,36.5917,NA,19.77,73.76
2018-10-23T19:05:44.000Z,-61.117481666666656,35.492961666666666,23.9189,36.5848,NA,17.98,61.21
2018-10-23T20:05:45.000Z,-61.086173333333335,35.44172166666666,23.6949,36.5889,NA,16.06,64.62
2018-10-23T21:05:46.000Z,-61.03812666666666,35.385705,24.6571,36.7521,NA,22.92,82.44
2018-10-23T22:05:47.000Z,-61.00390000000001,35.299486666666674,24.7557,36.7639,NA,16.01,62.76
2018-10-23T23:05:48.000Z,-60.96899833333334,35.229415,24.6191,36.7668,NA,13.62,92.57
2018-10-24T00:05:49.000Z,-60.96003166666666,35.163355,24.3209,36.761,NA,15.91,83.06
2018-10-24T01:05:50.000Z,-60.95587166666666,35.10180833333333,24.082,36.6971,NA,15.57,98.27
2018-10-24T02:05:51.000Z,-60.94738833333334,35.04360500000001,24.9285,36.7236,NA,17.77,79.85
2018-10-24T03:05:52.000Z,-60.949650000000005,34.99512666666667,25.1285,36.774,NA,22.64,98.72
2018-10-24T04:05:52.000Z,-60.98014666666666,34.98270333333333,25.1733,36.7409,NA,10.33,53.78
2018-10-24T05:05:53.000Z,-60.98414666666665,34.94418833333334,25.1456,36.7115,NA,12.75,103.18
2018-10-24T06:05:54.000Z,-61.003005,34.930258333333335,25.1372,36.7127,NA,14,74.16
2018-10-24T07:05:55.000Z,-60.99793,34.884346666666666,25.2249,36.7398,NA,13.59,163.98
2018-10-24T08:05:56.000Z,-60.994025,34.82803833333333,25.216,36.7419,NA,21.27,160.9
2018-10-24T09:05:57.000Z,-60.90698999999999,34.809111666666666,25.197,36.7495,NA,13.02,149.98
2018-10-24T10:05:58.000Z,-60.81210166666666,34.78121833333333,25.1564,36.7503,NA,9.42,182.35
2018-10-24T11:05:59.000Z,-60.71548833333333,34.74226166666667,25.1463,36.7458,NA,12.6,164.63
2018-10-24T12:06:00.000Z,-60.62311166666666,34.69453333333333,25.1053,36.7423,NA,6.89,171.95
2018-10-24T13:06:01.000Z,-60.52417166666667,34.650324999999995,25.1882,36.7583,NA,7.23,202.73
2018-10-24T14:06:02.000Z,-60.51461,34.64834666666666,25.1985,36.7583,NA,9.63,181.64
2018-10-24T15:06:03.000Z,-60.52723333333333,34.65582333333334,25.1857,36.7562,NA,8.22,197.95
2018-10-24T16:06:03.000Z,-60.56187,34.669671666666666,25.1304,36.7426,NA,12.38,199.2
2018-10-24T17:06:04.000Z,-60.545285,34.674411666666664,25.1944,36.754,NA,5.7,155.84
2018-10-24T18:06:05.000Z,-60.495055,34.606505,25.2346,36.7752,NA,9.21,173.36
2018-10-24T19:06:06.000Z,-60.45174999999999,34.55497666666666,25.2449,36.8102,NA,9.95,197.54
2018-10-24T20:06:07.000Z,-60.449245000000005,34.541428333333336,25.2333,36.8194,NA,8.34,130.23
2018-10-24T21:06:08.000Z,-60.40768500000001,34.48267833333334,25.1885,36.8511,NA,12.32,178.46
2018-10-24T22:06:09.000Z,-60.35532333333334,34.41311666666667,25.0154,36.7987,NA,9.83,141.22
2018-10-24T23:06:10.000Z,-60.31891,34.33529333333334,25.0891,36.8099,NA,15.18,182.89
2018-10-25T00:06:11.000Z,-60.291418333333326,34.25987833333333,24.9187,36.7908,NA,13.82,226.88
2018-10-25T01:06:12.000Z,-60.308085000000005,34.17055666666666,24.648,36.7328,NA,11.61,184.83
2018-10-25T02:06:13.000Z,-60.31068666666666,34.07696333333333,24.7605,36.7855,NA,18.92,245.66
2018-10-25T03:06:14.000Z,-60.30529666666666,34.06318833333333,24.7507,36.7757,NA,14.45,276.86
2018-10-25T04:06:15.000Z,-60.296593333333334,34.077351666666665,24.735,36.7684,NA,14.64,269.15
2018-10-25T05:06:15.000Z,-60.29514000000001,34.091585,24.6749,36.7665,NA,10.1,217.01
2018-10-25T06:06:16.000Z,-60.289094999999996,33.993336666666664,24.6266,36.7675,NA,13.1,193.21
2018-10-25T07:06:17.000Z,-60.285593333333324,33.887871666666676,24.7458,36.7908,NA,9.19,233.13
2018-10-25T08:06:18.000Z,-60.280901666666665,33.777603333333325,25.021,36.8054,NA,13.32,258.74
2018-10-25T09:06:19.000Z,-60.27784166666667,33.664064999999994,24.9213,36.8337,NA,13.1,292.89
2018-10-25T10:06:20.000Z,-60.28487833333333,33.54613166666666,24.8037,36.8015,NA,27.84,315.67
2018-10-25T11:06:21.000Z,-60.28323666666667,33.427033333333334,25.2709,36.9008,NA,26.7,313.75
2018-10-25T12:06:22.000Z,-60.27228666666667,33.304541666666665,24.7325,36.8175,NA,21.59,327.26
2018-10-25T13:05:23.000Z,-60.26699666666667,33.181865,25.1947,36.8478,NA,27.26,326.03
2018-10-25T14:05:24.000Z,-60.24793666666666,33.09115333333334,24.8867,36.8252,NA,30.27,329.9
2018-10-25T15:05:25.000Z,-60.230693333333335,33.08018166666666,25.0296,36.8249,NA,29.98,336.23
2018-10-25T16:05:26.000Z,-60.18637666666667,33.058744999999995,24.6638,36.7945,NA,30.65,326.7
2018-10-25T17:05:27.000Z,-60.186028333333326,32.94374499999999,24.6011,36.7528,NA,22.31,320.08
2018-10-25T18:05:28.000Z,-60.191075000000005,32.82075666666666,24.586,36.711,NA,13.93,293.9
2018-10-25T19:05:28.000Z,-60.19949333333334,32.696153333333335,24.6589,36.7292,NA,17.16,349.76
2018-10-25T20:05:29.000Z,-60.220826666666674,32.56691666666667,24.6221,36.8289,NA,22.97,338.61
2018-10-25T21:05:30.000Z,-60.241780000000006,32.43550833333333,24.9562,36.8343,NA,24.48,329.23
2018-10-25T22:05:31.000Z,-60.262814999999996,32.304563333333334,25.0816,36.8592,NA,20.5,355.91
2018-10-25T23:05:32.000Z,-60.28820833333332,32.17299666666668,24.5134,36.8175,NA,18.42,331.43
2018-10-26T00:05:33.000Z,-60.31354666666667,32.04278166666667,24.4824,36.8297,NA,18.49,6.98
2018-10-26T01:05:34.000Z,-60.33633,31.910839999999997,24.9961,36.9172,NA,17.5,6.62
2018-10-26T02:05:35.000Z,-60.36302333333333,31.787940000000003,24.9024,36.8879,NA,10.74,341.76
2018-10-26T03:05:36.000Z,-60.399123333333335,31.6871,24.8204,36.8846,NA,7.84,10.13
2018-10-26T04:05:37.000Z,-60.409578333333336,31.634326666666666,25.1018,36.9393,NA,15.78,333.43
2018-10-26T05:05:38.000Z,-60.42797666666667,31.510231666666662,25.1815,36.9349,NA,16.13,331.34
2018-10-26T06:05:38.000Z,-60.446623333333335,31.382381666666667,25.1459,36.8978,NA,18.43,10.42
2018-10-26T07:05:39.000Z,-60.46868,31.25430166666667,25.116,36.8882,NA,17.15,9.24
2018-10-26T08:05:40.000Z,-60.49540833333334,31.12727666666666,25.094,36.8833,NA,20.71,331.57
2018-10-26T09:05:41.000Z,-60.5274,31.00146833333333,25.0403,36.9517,NA,15.17,4.27
2018-10-26T10:05:42.000Z,-60.558011666666665,30.875828333333335,25.2307,36.9787,NA,19.89,25.42
2018-10-26T11:05:43.000Z,-60.592165,30.752215000000003,25.1895,36.9581,NA,22.79,33.72
2018-10-26T12:05:44.000Z,-60.63120833333334,30.62351666666667,24.7958,36.857,NA,22.94,36.83
2018-10-26T13:05:45.000Z,-60.660385,30.49421333333333,25.7726,36.8932,NA,21.23,48.21
2018-10-26T14:05:46.000Z,-60.67490333333333,30.446913333333335,25.6465,36.8381,NA,16.08,12.33
2018-10-26T15:05:47.000Z,-60.68115,30.430895,25.6299,36.8307,NA,13.84,11.19
2018-10-26T16:05:48.000Z,-60.679990000000004,30.406645,25.6197,36.8344,NA,11.04,43.23
2018-10-26T17:05:49.000Z,-60.68399333333333,30.39334666666667,25.6513,36.8355,NA,13.69,11.51
2018-10-26T18:05:50.000Z,-60.687684999999995,30.379920000000002,25.6652,36.8361,NA,13.36,57.1
2018-10-26T19:05:50.000Z,-60.69377666666666,30.364856666666665,25.6531,36.8282,NA,10.94,67.99
2018-10-26T20:05:51.000Z,-60.70053333333334,30.3484,25.6879,36.8399,NA,13.35,23.3
2018-10-26T21:05:52.000Z,-60.71272666666667,30.277395000000002,25.644,36.8767,NA,12.19,42.33
2018-10-26T22:05:53.000Z,-60.71461666666668,30.146500000000003,25.6409,36.8465,NA,14.52,70.6
2018-10-26T23:05:54.000Z,-60.71707,30.017541666666663,25.614,36.8172,NA,14.23,55.5
2018-10-27T00:05:55.000Z,-60.72029166666667,29.887089999999997,25.6534,36.821,NA,17.33,61.95
2018-10-27T01:05:56.000Z,-60.72967166666667,29.760033333333332,25.63,36.8232,NA,22.18,69.19
2018-10-27T02:05:57.000Z,-60.739059999999995,29.633766666666666,25.7837,36.8943,NA,22.59,76.38
2018-10-27T03:05:58.000Z,-60.75167666666667,29.506108333333337,25.6534,36.8743,NA,23.64,77.27
2018-10-27T04:05:59.000Z,-60.772483333333334,29.45363666666666,25.7177,36.9194,NA,21.42,84.12
2018-10-27T05:06:00.000Z,-60.785865,29.337755,25.5856,36.8847,NA,24.53,79.22
2018-10-27T06:06:01.000Z,-60.79531999999999,29.214884999999995,25.4622,36.8259,NA,21.4,79.88
2018-10-27T07:06:01.000Z,-60.79875999999999,29.097786666666668,25.6721,36.8399,NA,20.5,101.99
2018-10-27T08:06:02.000Z,-60.81173999999999,28.97357833333333,25.6597,36.8044,NA,23.78,86.26
2018-10-27T09:06:03.000Z,-60.823,28.850496666666665,25.7519,36.8209,NA,15.56,94.59
2018-10-27T10:06:04.000Z,-60.841973333333335,28.728815,26.171,36.8974,NA,20.45,88
2018-10-27T11:06:05.000Z,-60.86213333333333,28.609683333333333,26.4897,36.9075,NA,16.96,104.34
2018-10-27T12:06:06.000Z,-60.89373333333333,28.484603333333336,26.6691,36.9552,NA,25.21,91.51
2018-10-27T13:06:07.000Z,-60.924698333333325,28.3618,26.8025,37.0226,NA,17.68,93.42
2018-10-27T14:06:08.000Z,-60.95684833333333,28.27249666666667,26.8579,37.0276,NA,16.59,99.24
2018-10-27T15:06:09.000Z,-60.96625999999999,28.259594999999997,26.8685,37.035,NA,14.27,89.89
2018-10-27T16:06:10.000Z,-60.98009833333334,28.199690000000004,26.8343,37.022,NA,17.57,81.46
2018-10-27T17:06:11.000Z,-61.004221666666666,28.07029333333333,26.9097,37.07,NA,16.29,80.59
2018-10-27T18:06:12.000Z,-61.019616666666664,27.945524999999996,27.1431,37.0983,NA,18.15,69.26
2018-10-27T19:06:13.000Z,-61.040580000000006,27.819621666666663,27.352,37.1783,NA,12,89.61
2018-10-27T20:06:13.000Z,-61.065433333333345,27.696726666666667,27.3657,37.076,NA,14.31,72
2018-10-27T21:06:14.000Z,-61.09187000000001,27.571816666666674,27.2003,37.2226,NA,18.37,78.82
2018-10-27T22:06:15.000Z,-61.12083833333333,27.45222333333334,27.2377,37.1965,NA,15.58,85.7
2018-10-27T23:06:16.000Z,-61.14462666666667,27.330455,27.1941,37.1749,NA,17.52,60.69
2018-10-28T00:06:17.000Z,-61.17269500000001,27.20962,27.3204,37.1488,NA,15.91,56.23
2018-10-28T01:06:18.000Z,-61.21957333333333,27.099028333333333,27.423,37.0279,NA,14.95,70.46
2018-10-28T02:06:19.000Z,-61.25973166666665,26.990981666666666,27.4313,37.0245,NA,16.04,70.96
2018-10-28T03:06:20.000Z,-61.301873333333326,26.89212,27.3841,37.0194,NA,10.1,25.62
2018-10-28T04:06:21.000Z,-61.314123333333335,26.849840000000004,27.4333,36.9978,NA,18.46,64.5
2018-10-28T05:06:22.000Z,-61.35428166666667,26.730075000000003,27.4706,36.9978,NA,20.91,70.97
2018-10-28T06:06:23.000Z,-61.39698,26.615136666666665,27.4501,36.946,NA,12.11,95.07
2018-10-28T07:06:24.000Z,-61.435635,26.506306666666667,27.3691,37.0354,NA,17.79,67.33
2018-10-28T08:06:25.000Z,-61.465894999999996,26.395709999999998,27.4042,36.9635,NA,13.44,49.14
2018-10-28T09:06:25.000Z,-61.496715,26.28548166666667,27.1652,37.0263,NA,16.27,62.06
2018-10-28T10:06:26.000Z,-61.526444999999995,26.175093333333336,27.546,36.9285,NA,14.44,30.64
2018-10-28T11:06:27.000Z,-61.55694833333334,26.067531666666667,27.8107,36.835,NA,14.79,25.94
2018-10-28T12:06:28.000Z,-61.585981666666676,25.95735833333333,27.8478,36.8255,NA,16.65,0.15
2018-10-28T13:06:29.000Z,-61.61555166666667,25.845695,27.8262,36.8699,NA,18.58,19.66
2018-10-28T14:06:30.000Z,-61.64763166666667,25.732045000000003,NA,NA,NA,15.47,44.61
2018-10-28T15:06:31.000Z,-61.67800499999999,25.615364999999997,27.94,36.749,NA,18.88,34.72
2018-10-28T16:05:32.000Z,-61.70954833333334,25.502788333333335,28.0228,36.8907,NA,16.98,24.29
2018-10-28T17:05:33.000Z,-61.74575166666667,25.390421666666665,27.9619,36.8999,NA,21.1,28.8
2018-10-28T18:05:34.000Z,-61.80039833333334,25.285191666666666,28.0605,36.8862,NA,18.26,71.94
2018-10-28T19:05:35.000Z,-61.8596,25.17506166666667,27.8451,36.922,NA,19.26,1.99
2018-10-28T20:05:36.000Z,-61.927683333333334,25.06036,27.5703,36.9424,NA,18.34,9.65
2018-10-28T21:05:36.000Z,-61.987186666666666,24.942753333333332,28.115,36.733,NA,18.48,354.28
2018-10-28T22:05:37.000Z,-62.02801333333333,24.837154999999996,27.9363,36.8034,NA,26.91,351
2018-10-28T23:05:38.000Z,-62.058065000000006,24.72209833333333,28.0204,36.7675,NA,23.23,355.89
2018-10-29T00:05:39.000Z,-62.08929499999999,24.61057,28.2016,36.8394,NA,25,0.36
2018-10-29T01:05:40.000Z,-62.11012000000001,24.511698333333335,28.2541,36.8434,NA,21.72,20.49
2018-10-29T02:05:41.000Z,-62.097989999999996,24.443975,28.1958,36.8427,NA,22.4,11.31
2018-10-29T03:05:42.000Z,-62.09527,24.42544666666667,28.1752,36.8336,NA,21.15,24.71
2018-10-29T04:05:43.000Z,-62.08347499999999,24.40268,28.1541,36.8142,NA,19.02,358.32
2018-10-29T05:05:44.000Z,-62.059981666666665,24.359095,28.1444,36.7845,NA,19.54,9.62
2018-10-29T06:05:45.000Z,-62.05238500000001,24.273701666666664,28.1492,36.7513,NA,19.02,29.28
2018-10-29T07:05:46.000Z,-62.04676,24.18841833333333,28.1811,36.8227,NA,16.64,10.63
2018-10-29T08:05:47.000Z,-62.05317,24.110786666666662,28.2177,36.8204,NA,15.02,348.29
2018-10-29T09:05:47.000Z,-62.05485999999999,24.037335,28.2491,36.8126,NA,10.31,356.23
2018-10-29T10:05:48.000Z,-62.057086666666656,23.967371666666665,28.1901,36.7575,NA,13.62,327.56
2018-10-29T11:05:49.000Z,-62.056535,23.89336333333333,28.2155,36.677,NA,14.55,335.47
2018-10-29T12:05:50.000Z,-62.05527333333333,23.819063333333332,28.332,36.66,NA,13.97,316.59
2018-10-29T13:05:51.000Z,-62.04913666666667,23.737098333333332,28.2921,36.6185,NA,12.92,329.03
2018-10-29T14:05:52.000Z,-62.03845333333333,23.666321666666665,28.2653,36.657,NA,18.38,318.92
2018-10-29T15:05:53.000Z,-62.021858333333334,23.656039999999997,28.2899,36.6725,NA,22.66,307.54
2018-10-29T16:05:54.000Z,-61.99627166666668,23.647616666666668,28.3312,36.7041,NA,16.23,300.75
2018-10-29T17:05:55.000Z,-61.96072833333333,23.617248333333336,28.3032,36.6503,NA,16.07,311.24
2018-10-29T18:05:56.000Z,-61.95043166666665,23.543860000000002,28.3238,36.6871,NA,22.48,294.5
2018-10-29T19:05:57.000Z,-61.94568833333332,23.468686666666667,28.302,36.6456,NA,20.74,297.05
2018-10-29T20:05:58.000Z,-61.937708333333326,23.39536166666667,28.2946,36.6747,NA,17.58,303.08
2018-10-29T21:05:58.000Z,-61.86186666666668,23.393523333333327,28.2447,36.6639,NA,18.99,311.68
2018-10-29T22:05:59.000Z,-61.77239666666666,23.39580833333334,28.2655,36.6803,NA,23.88,310.82
2018-10-29T23:06:00.000Z,-61.68076166666666,23.40077666666667,28.2679,36.6735,NA,14.85,267.88
2018-10-30T00:06:01.000Z,-61.592884999999995,23.40210666666667,28.2097,36.7122,NA,26.29,299.59
2018-10-30T01:06:02.000Z,-61.52301666666667,23.373048333333337,28.2432,36.7219,NA,16.87,281.84
2018-10-30T02:06:03.000Z,-61.461364999999994,23.340024999999997,28.2194,36.6978,NA,15.92,241.28
2018-10-30T03:06:04.000Z,-61.44573333333332,23.336543333333335,28.2229,36.6992,NA,15.12,242.54
2018-10-30T04:06:05.000Z,-61.42559833333333,23.342008333333332,28.2075,36.7038,NA,19.37,264.17
2018-10-30T05:06:06.000Z,-61.37315000000001,23.318294999999996,28.1611,36.7195,NA,21.34,242.77
2018-10-30T06:06:07.000Z,-61.29718666666666,23.29153666666667,28.132,36.7228,NA,19.64,253.74
2018-10-30T07:06:08.000Z,-61.19548,23.268186666666665,28.0243,36.7414,NA,26.37,264.42
2018-10-30T08:06:09.000Z,-61.09227333333333,23.244753333333332,27.8519,36.7926,NA,16.56,246.32
2018-10-30T09:06:10.000Z,-60.989684999999994,23.228166666666667,27.9022,36.8233,NA,21.29,242.68
2018-10-30T10:06:11.000Z,-60.883494999999996,23.216303333333332,27.8789,36.8032,NA,34.22,272.99
2018-10-30T11:06:12.000Z,-60.80052833333332,23.18992166666667,27.8733,36.8372,NA,20.32,221.52
2018-10-30T12:06:12.000Z,-60.716165,23.181925000000003,27.7398,36.8706,NA,19.63,232.15
2018-10-30T13:06:13.000Z,-60.62851666666667,23.178773333333336,27.596,36.9518,NA,26.63,243.45
2018-10-30T14:06:14.000Z,-60.562684999999995,23.18277833333333,27.6705,36.9335,NA,24.28,224.2
2018-10-30T15:06:15.000Z,-60.547246666666666,23.19176,27.6118,36.9202,NA,21.05,243.35
2018-10-30T16:06:16.000Z,-60.53177999999999,23.205891666666666,27.6525,36.9621,NA,21.04,252.64
2018-10-30T17:06:17.000Z,-60.49045666666666,23.222058333333333,27.6402,36.9425,NA,25.24,253.18
2018-10-30T18:06:18.000Z,-60.39412666666667,23.208788333333338,27.6341,36.8969,NA,21.24,251.55
2018-10-30T19:06:19.000Z,-60.286751666666675,23.19278,27.7989,36.8835,NA,25.56,279.75
2018-10-30T20:06:20.000Z,-60.20646333333334,23.155996666666667,27.9273,36.9147,NA,15.53,278.49
2018-10-30T21:06:21.000Z,-60.12544166666667,23.187351666666668,27.7844,36.8948,NA,14.29,261.35
2018-10-30T22:06:22.000Z,-60.050495,23.162565,27.791,36.9026,NA,16.79,253.61
2018-10-30T23:06:23.000Z,-59.96139166666667,23.131216666666667,27.76,36.9101,NA,13.52,251.21
2018-10-31T00:06:23.000Z,-59.88488,23.10948,27.8264,36.8966,NA,14.88,245.92
2018-10-31T01:06:24.000Z,-59.813678333333336,23.082543333333334,27.7844,36.8765,NA,10.71,262.28
2018-10-31T02:06:25.000Z,-59.762409999999996,23.071509999999996,27.8105,36.8837,NA,12.06,260.05
2018-10-31T03:06:26.000Z,-59.750665,23.078085,27.7713,36.8908,NA,15.44,288.59
2018-10-31T04:06:27.000Z,-59.73202333333333,23.096643333333333,27.7217,36.8802,NA,8.35,283.01
2018-10-31T05:06:28.000Z,-59.64713,23.081985,27.7411,36.8838,NA,3.52,296.25
2018-10-31T06:06:29.000Z,-59.53983666666666,23.114928333333335,27.6975,36.8094,NA,5.5,253.35
2018-10-31T07:06:30.000Z,-59.42627999999999,23.14360166666667,27.7307,36.8617,NA,6.12,252.83
2018-10-31T08:06:31.000Z,-59.301351666666676,23.125666666666664,27.4695,36.9694,NA,3.26,284.18
2018-10-31T09:06:32.000Z,-59.17351999999999,23.110051666666664,27.5376,36.9343,NA,8.77,238.21
2018-10-31T10:06:33.000Z,-59.04186333333333,23.09793666666667,27.7028,36.9071,NA,7.59,240.09
2018-10-31T11:06:34.000Z,-58.912679999999995,23.081255000000002,27.6494,36.9487,NA,5.23,259.72
2018-10-31T12:06:34.000Z,-58.78389999999999,23.065838333333332,27.8558,36.8695,NA,10.6,296.7
2018-10-31T13:06:35.000Z,-58.65784666666667,23.05615166666666,28.1859,36.5423,NA,7.01,320.3
2018-10-31T14:06:36.000Z,-58.55348333333333,23.04685666666667,27.9301,36.8272,NA,11.6,283.41
2018-10-31T15:06:37.000Z,-58.53562000000001,23.0523,27.9476,36.8421,NA,11.3,278.53
2018-10-31T16:06:38.000Z,-58.513748333333325,23.049978333333335,27.9826,36.7714,NA,9.15,345.89
2018-10-31T17:06:39.000Z,-58.422050000000006,23.036851666666664,28.0672,36.8151,NA,5.11,221.77
2018-10-31T18:05:40.000Z,-58.302375,23.013791666666663,28.4281,36.7105,NA,7.35,290.7
2018-10-31T19:05:41.000Z,-58.25177000000001,23.007033333333332,28.3652,36.6707,NA,7.53,320.14
2018-10-31T20:05:42.000Z,-58.22891333333334,23.002615,28.2896,36.6739,NA,7.1,318.35
2018-10-31T21:05:43.000Z,-58.18809166666666,22.994926666666665,28.1535,36.6953,NA,13.81,354.31
2018-10-31T22:05:44.000Z,-58.06072833333333,22.967533333333332,28.2051,36.6506,NA,12.17,15.49
2018-10-31T23:05:45.000Z,-57.93579166666667,22.934704999999997,28.1105,36.5391,NA,12.92,16.52
2018-11-01T00:05:45.000Z,-57.81962666666667,22.900263333333335,28.0392,36.5165,NA,12.02,28.83
2018-11-01T01:05:46.000Z,-57.70301500000001,22.869741666666666,27.8421,36.2796,NA,19.08,21.08
2018-11-01T02:05:47.000Z,-57.590941666666666,22.835216666666668,27.8772,36.5056,NA,10,23.93
2018-11-01T03:05:48.000Z,-57.481455000000004,22.802639999999997,27.8133,36.6062,NA,15.78,32.87
2018-11-01T04:05:49.000Z,-57.44031499999999,22.782023333333335,27.8058,36.6455,NA,17.08,45.24
2018-11-01T05:05:50.000Z,-57.39530666666666,22.747756666666668,27.822,36.6653,NA,19.2,31.59
2018-11-01T06:05:51.000Z,-57.337968333333336,22.712059999999994,27.8604,36.6592,NA,19.77,34.88
2018-11-01T07:05:52.000Z,-57.26361833333334,22.67150333333333,27.8425,36.6904,NA,14.89,43.04
2018-11-01T08:05:53.000Z,-57.19515333333333,22.636156666666672,27.8046,36.6328,NA,13.23,44.05
2018-11-01T09:05:54.000Z,-57.13215166666667,22.601941666666665,27.8784,36.6903,NA,21.17,39.12
2018-11-01T10:05:55.000Z,-57.077720000000006,22.558108333333333,27.8371,36.692,NA,18.93,58.45
2018-11-01T11:05:56.000Z,-57.03619166666667,22.51933166666667,27.8466,36.6997,NA,22.22,52.52
2018-11-01T12:05:57.000Z,-56.96194166666668,22.45731333333333,27.8182,36.7266,NA,11.05,77.43
2018-11-01T13:05:57.000Z,-56.900505,22.399525,27.6313,36.8583,NA,20.41,53.32
2018-11-01T14:05:58.000Z,-56.88719833333334,22.358535,27.6522,36.8028,NA,13.66,48.18
2018-11-01T15:05:59.000Z,-56.903095,22.336366666666663,27.6288,36.8396,NA,15.68,56.45
2018-11-01T16:06:00.000Z,-56.90560666666667,22.303808333333333,27.672,36.8263,NA,15.35,56.17
2018-11-01T17:06:01.000Z,-56.852489999999996,22.25180833333333,27.7277,36.7729,NA,17.88,55.66
2018-11-01T18:06:02.000Z,-56.79015,22.19346833333333,27.8101,36.7563,NA,20.3,51.11
2018-11-01T19:06:03.000Z,-56.72103666666667,22.140455,28.0417,36.0768,NA,20.19,41.28
2018-11-01T20:06:04.000Z,-56.64997666666667,22.09206,27.9452,35.981,NA,16.31,68.44
2018-11-01T21:06:05.000Z,-56.57297499999999,22.026961666666665,27.8446,36.015,NA,19.91,67.27
2018-11-01T22:06:06.000Z,-56.49572,21.954085000000003,27.8345,36.1572,NA,23.8,55.3
2018-11-01T23:06:07.000Z,-56.41506833333333,21.87377,27.8242,36.2598,NA,23.25,49.64
2018-11-02T00:06:08.000Z,-56.34163833333333,21.79340666666667,27.7713,36.4052,NA,20.84,53.04
2018-11-02T01:06:08.000Z,-56.26453166666666,21.702411666666663,27.8013,36.4142,NA,28.41,65.75
2018-11-02T02:06:10.000Z,-56.193569999999994,21.613946666666667,28.0497,36.6273,NA,22.97,64.33
2018-11-02T03:06:11.000Z,-56.15352,21.522701666666663,27.8547,36.729,NA,23.71,83.45
2018-11-02T04:06:11.000Z,-56.180408333333325,21.493014999999996,27.7963,36.6298,NA,25.25,56.08
2018-11-02T05:06:12.000Z,-56.15068833333333,21.426045000000002,27.7534,36.5169,NA,26.18,74.18
2018-11-02T06:06:13.000Z,-56.10894499999999,21.35804,27.8459,36.7675,NA,24.59,70.56
2018-11-02T07:06:14.000Z,-56.06520666666667,21.29121,27.8352,36.7874,NA,23.36,84.7
2018-11-02T08:06:15.000Z,-56.02288166666668,21.225609999999996,27.8322,36.7965,NA,20.37,74.44
2018-11-02T09:06:16.000Z,-55.98105333333333,21.164904999999997,27.8447,36.8093,NA,15.69,65.82
2018-11-02T10:06:17.000Z,-55.940145,21.111553333333337,27.6762,36.0945,NA,24.56,54.72
2018-11-02T11:06:18.000Z,-55.90344333333334,21.066271666666662,27.7657,35.9395,NA,18.42,67.85
2018-11-02T12:06:19.000Z,-55.86434666666667,21.012018333333337,27.8473,35.849,NA,22.34,58.64
2018-11-02T13:06:20.000Z,-55.82503166666667,20.94291,27.9378,35.8123,NA,25.31,78.19
2018-11-02T14:06:21.000Z,-55.82015833333333,20.90257666666666,28.0225,35.82,NA,24.59,55.78
2018-11-02T15:06:22.000Z,-55.83211500000001,20.892168333333334,28.0403,35.8152,NA,18.26,59.41
2018-11-02T16:06:22.000Z,-55.83618333333334,20.873385000000003,28.0647,35.8148,NA,20.89,57.8
2018-11-02T17:06:23.000Z,-55.801475,20.808286666666664,28.0763,35.7645,NA,19.46,69.91
2018-11-02T18:06:24.000Z,-55.76585166666666,20.710043333333335,28.0557,35.9268,NA,32.65,69
2018-11-02T19:06:25.000Z,-55.736329999999995,20.603136666666668,28.1146,35.9992,NA,23.21,62.09
2018-11-02T20:06:26.000Z,-55.753296666666664,20.576825000000003,27.9979,35.856,NA,20.6,40.86
2018-11-02T21:06:27.000Z,-55.78242166666667,20.57187166666667,27.9897,35.8778,NA,25.13,63.63
2018-11-02T22:06:28.000Z,-55.777466666666676,20.509476666666668,28.0291,35.8387,NA,22.16,59.46
2018-11-02T23:06:29.000Z,-55.765996666666666,20.434780000000003,27.9755,35.7746,NA,21.89,75.18
2018-11-03T00:06:30.000Z,-55.75405666666667,20.365751666666664,27.9775,35.7709,NA,23.98,65.86
2018-11-03T01:06:31.000Z,-55.74038333333333,20.29432,27.9749,35.7956,NA,32.24,69.77
2018-11-03T02:06:32.000Z,-55.72605333333333,20.22017166666667,27.9886,35.828,NA,19.59,78.29
2018-11-03T03:06:32.000Z,-55.7128,20.146041666666665,28.0038,35.9738,NA,21.15,72.54
2018-11-03T04:06:33.000Z,-55.72468333333333,20.10988,28.0991,36.0385,NA,22.86,79.55
2018-11-03T05:06:34.000Z,-55.71594666666666,20.044458333333335,28.0496,36.0478,NA,23.68,67.54
2018-11-03T06:06:35.000Z,-55.702956666666665,19.97466166666667,27.9597,35.8136,NA,20.34,61.84
2018-11-03T07:06:36.000Z,-55.692024999999994,19.910888333333332,28.0949,35.8326,NA,23.22,68.23
2018-11-03T08:06:37.000Z,-55.68138833333334,19.85017,28.072,35.7841,NA,31.25,62.46
2018-11-03T09:06:38.000Z,-55.67043666666667,19.79038166666667,27.9798,35.5893,NA,28.41,60.7
2018-11-03T10:06:39.000Z,-55.66378333333334,19.73098333333333,27.9695,35.4766,NA,24.51,57.59
2018-11-03T11:06:40.000Z,-55.65497499999999,19.674725000000002,27.9842,35.3692,NA,21.72,46.75
2018-11-03T12:06:41.000Z,-55.641175000000004,19.59926,28.035,35.3593,NA,28.41,68.29
2018-11-03T13:06:42.000Z,-55.628609999999995,19.515845,28.0645,35.3288,NA,17.19,85.56
2018-11-03T14:06:43.000Z,-55.640456666666665,19.456065,28.0754,35.3475,NA,20.6,63.36
2018-11-03T15:06:44.000Z,-55.65846499999999,19.43563333333333,28.0515,35.2914,NA,15.2,69.39
2018-11-03T16:06:44.000Z,-55.68012999999999,19.421978333333335,28.0946,35.2509,NA,20.29,93.5
2018-11-03T17:06:45.000Z,-55.69656166666667,19.391593333333333,28.0904,35.2078,NA,20.15,72.83
2018-11-03T18:06:46.000Z,-55.69887666666666,19.322179999999996,28.1624,35.1912,NA,27.74,76.57
2018-11-03T19:06:47.000Z,-55.70233833333333,19.260065,28.2762,35.1798,NA,33.24,61.01
2018-11-03T20:05:48.000Z,-55.71018333333333,19.204349999999998,28.2253,35.1909,NA,12.81,79.57
2018-11-03T21:05:49.000Z,-55.716386666666665,19.156563333333334,28.1027,35.1566,NA,28.64,73.33
2018-11-03T22:05:50.000Z,-55.717778333333335,19.106063333333335,28.0457,35.218,NA,16.93,67.99
2018-11-03T23:05:51.000Z,-55.71488500000001,19.036156666666667,28.0687,35.2328,NA,22.31,90.08
2018-11-04T00:05:52.000Z,-55.70638833333334,18.973055,28.018,35.2427,NA,19.49,103.91
2018-11-04T01:05:53.000Z,-55.69594166666667,18.914643333333334,28.1026,35.2209,NA,27.44,77
2018-11-04T02:05:54.000Z,-55.69634166666667,18.879141666666666,28.1048,35.2971,NA,22.83,96.92
2018-11-04T03:05:55.000Z,-55.70661333333334,18.87071166666667,28.1053,35.3321,NA,19.12,64.32
2018-11-04T04:05:55.000Z,-55.71642166666667,18.858798333333333,28.11,35.347,NA,13.92,109.43
2018-11-04T05:05:56.000Z,-55.722923333333334,18.836448333333333,28.1649,35.4571,NA,21.32,84.03
2018-11-04T06:05:57.000Z,-55.71076166666666,18.780710000000003,28.1326,35.5666,NA,23.09,106.62
2018-11-04T07:05:58.000Z,-55.699638333333326,18.725818333333333,28.1012,35.513,NA,19.59,88.99
2018-11-04T08:05:59.000Z,-55.687365,18.664036666666668,28.1204,35.4815,NA,28.88,94.73
2018-11-04T09:06:00.000Z,-55.678815,18.595663333333334,28.1569,35.6344,NA,13.92,60.01
2018-11-04T10:06:01.000Z,-55.67048833333333,18.528710000000004,28.0967,35.5472,NA,14.93,85.2
2018-11-04T11:06:02.000Z,-55.660050000000005,18.458046666666664,28.185,35.6944,NA,23.2,76.75
2018-11-04T12:06:03.000Z,-55.626688333333334,18.36116333333333,28.2303,35.7158,NA,16.86,64.29
2018-11-04T13:06:04.000Z,-55.58689166666666,18.266368333333336,28.2317,35.732,NA,15.5,66.22
2018-11-04T14:06:05.000Z,-55.61577166666666,18.255273333333335,28.311,35.9121,NA,15.79,88.04
2018-11-04T15:06:06.000Z,-55.634095,18.24255,28.3037,35.9389,NA,18.91,137.64
2018-11-04T16:06:07.000Z,-55.66641500000001,18.212335,28.3186,35.918,NA,24.22,90.58
2018-11-04T17:06:07.000Z,-55.68385000000001,18.147970000000004,28.2829,35.906,NA,19.21,82.62
2018-11-04T18:06:08.000Z,-55.69314333333333,18.07948166666667,28.3581,35.9197,NA,12.08,90.23
2018-11-04T19:06:09.000Z,-55.681646666666666,17.992165,28.2786,35.8626,NA,19.99,84.21
2018-11-04T20:06:10.000Z,-55.664878333333334,17.91348166666667,28.2503,35.7751,NA,16.58,86.2
2018-11-04T21:06:11.000Z,-55.660109999999996,17.843146666666666,28.2465,35.8886,NA,18.19,97.44
2018-11-04T22:06:12.000Z,-55.63743666666666,17.779256666666665,28.2789,35.8642,NA,16.95,69.97
2018-11-04T23:06:13.000Z,-55.64450166666667,17.704694999999997,28.336,35.8963,NA,21.2,70.43
2018-11-05T00:06:14.000Z,-55.66334666666666,17.60829166666667,28.3319,35.8703,NA,18.78,88.28
2018-11-05T01:06:15.000Z,-55.664245,17.520180000000003,28.3382,35.8398,NA,25.75,76.95
2018-11-05T02:06:16.000Z,-55.68225833333333,17.439146666666666,28.3623,35.9427,NA,17.44,82.54
2018-11-05T03:06:17.000Z,-55.69814166666667,17.43575,28.3575,35.9753,NA,21.45,66.75
2018-11-05T04:06:18.000Z,-55.71043666666666,17.419209999999996,28.3505,36.0166,NA,23.11,95.46
2018-11-05T05:06:18.000Z,-55.71871833333333,17.385593333333336,28.3589,36.0573,NA,20.01,95.07
2018-11-05T06:06:19.000Z,-55.70876833333333,17.336753333333338,28.3606,36.0191,NA,16.93,109.86
2018-11-05T07:06:20.000Z,-55.69788333333333,17.282581666666665,28.3376,35.9772,NA,15.77,107.25
2018-11-05T08:06:21.000Z,-55.69316333333333,17.232420000000005,28.299,35.9734,NA,14.36,107.59
2018-11-05T09:06:22.000Z,-55.686301666666665,17.171166666666664,28.3601,36.0489,NA,18.63,86
2018-11-05T10:06:23.000Z,-55.677665,17.09815166666667,28.3635,36.083,NA,21,103.26
2018-11-05T11:06:24.000Z,-55.67080500000001,17.02950666666667,28.383,36.02,NA,21.63,98.39
2018-11-05T12:06:25.000Z,-55.66434166666666,16.942471666666666,28.3996,36.0113,NA,19.18,90.5
2018-11-05T13:06:26.000Z,-55.66211833333334,16.85653833333333,28.4381,36.0176,NA,16.91,108.01
2018-11-05T14:06:27.000Z,-55.677155,16.81531166666667,28.4239,36.0114,NA,15.39,89.74
2018-11-05T15:06:28.000Z,-55.700226666666666,16.81205166666666,28.408,36.0232,NA,19.6,106.41
2018-11-05T16:06:29.000Z,-55.7232,16.79726166666667,28.3955,36.0245,NA,17.37,95.3
2018-11-05T17:06:30.000Z,-55.73119499999999,16.760984999999998,28.3201,35.5761,NA,22.24,78.53
2018-11-05T18:06:30.000Z,-55.72752333333332,16.702405,28.3094,35.2909,NA,17.84,108.39
2018-11-05T19:06:31.000Z,-55.72489833333334,16.64107166666667,28.3745,35.0383,NA,14.56,79.04
2018-11-05T20:06:32.000Z,-55.72565166666667,16.584881666666668,28.4336,35.0961,NA,19.51,76.52
2018-11-05T21:06:33.000Z,-55.72806,16.53575666666667,28.4045,34.9944,NA,13.44,85.99
2018-11-05T22:06:34.000Z,-55.722280000000005,16.47723166666667,28.4013,34.9814,NA,13.06,84.99
2018-11-05T23:06:35.000Z,-55.71167999999999,16.406098333333336,28.3759,35.0075,NA,18.44,69.57
2018-11-06T00:06:36.000Z,-55.68735499999999,16.33031833333333,28.3893,34.9791,NA,18.45,75.98
2018-11-06T01:06:37.000Z,-55.68454833333334,16.270471666666666,28.3435,34.9562,NA,20.13,68.26
2018-11-06T02:06:38.000Z,-55.708313333333344,16.182288333333336,28.3225,35.0705,NA,19.48,70.53
2018-11-06T03:06:39.000Z,-55.705715,16.11983,28.2863,35.0416,NA,13.15,55.72
2018-11-06T04:06:40.000Z,-55.72762500000001,16.111598333333333,28.2666,35.0774,NA,16.1,108.25
2018-11-06T05:06:41.000Z,-55.75913166666666,16.08347333333333,28.221800000000002,35.131100000000004,NA,20.28,72.92
2018-11-06T06:06:42.000Z,-55.76289333333334,16.023159999999997,28.2179,35.3344,NA,29.07,104.39
2018-11-06T07:06:42.000Z,-55.764798333333324,15.937706666666669,28.2327,35.5793,NA,25.72,65.29
2018-11-06T08:06:43.000Z,-55.786475,15.844656666666666,28.1309,35.5898,NA,23.18,93.17
2018-11-06T09:06:44.000Z,-55.797488333333334,15.790593333333334,28.1794,35.8462,NA,24.35,66.09
2018-11-06T10:06:45.000Z,-55.811679999999996,15.758751666666667,28.2069,35.9746,NA,15.49,86.21
2018-11-06T11:06:46.000Z,-55.83044166666667,15.733131666666669,28.2476,36.0511,NA,23.56,98.25
2018-11-06T12:06:47.000Z,-55.880268333333326,15.680401666666667,28.2485,36.1062,NA,27.11,124.74
2018-11-06T13:06:48.000Z,-55.91819000000001,15.650705,28.2566,36.1886,NA,14.88,180.14
2018-11-06T14:06:49.000Z,-55.95080333333333,15.634183333333333,28.2397,36.2542,NA,13.91,111.4
2018-11-06T15:06:50.000Z,-55.97492166666667,15.636098333333331,28.2745,36.3029,NA,15.35,126.43
2018-11-06T16:06:51.000Z,-55.998041666666666,15.630368333333337,28.2698,36.311,NA,12.72,110.64
2018-11-06T17:06:52.000Z,-56.017871666666665,15.615601666666667,28.2723,36.3133,NA,12.08,96.55
2018-11-06T18:06:52.000Z,-56.04422333333333,15.59351,28.2451,36.1317,NA,17.67,132.52
2018-11-06T19:06:53.000Z,-56.050799999999995,15.532543333333336,28.1826,36.199,NA,17.05,134.72
2018-11-06T20:06:54.000Z,-56.047711666666665,15.459361666666668,28.2025,36.1841,NA,22.19,139.39
2018-11-06T21:06:55.000Z,-56.048455,15.388495,28.2098,36.1581,NA,20.85,156.17
2018-11-06T22:06:56.000Z,-55.984743333333334,15.450605,28.1986,36.208,NA,17.85,141.99
2018-11-06T23:05:57.000Z,-55.914616666666674,15.517431666666669,28.1641,36.1226,NA,12.94,173.48
2018-11-07T00:05:58.000Z,-55.84813833333333,15.566295,28.1603,35.9813,NA,18.26,103.54
2018-11-07T01:05:59.000Z,-55.798548333333336,15.619656666666666,28.1189,35.7589,NA,14.18,98.15
2018-11-07T02:06:00.000Z,-55.747906666666665,15.678938333333333,28.1143,35.5914,NA,17.35,65.81
2018-11-07T03:06:01.000Z,-55.740345,15.617955,28.1764,35.7994,NA,13.56,96.36
2018-11-07T04:06:02.000Z,-55.77066166666667,15.616913333333331,28.1486,35.8563,NA,18.61,70.28
2018-11-07T05:06:03.000Z,-55.766733333333335,15.551736666666667,28.1928,36.0091,NA,21.64,88.23
2018-11-07T06:06:04.000Z,-55.760515000000005,15.490873333333331,28.0207,35.6546,NA,19.13,96.34
2018-11-07T07:06:04.000Z,-55.749275,15.433996666666667,28.0432,35.1944,NA,8.5,123.29
2018-11-07T08:06:05.000Z,-55.733763333333336,15.377055,28.1135,35.0139,NA,14.58,109.41
2018-11-07T09:06:06.000Z,-55.71995666666666,15.317106666666666,28.1428,34.7869,NA,19.05,70.25
2018-11-07T10:06:07.000Z,-55.716075000000004,15.261128333333334,28.1437,34.6388,NA,4.86,144.18
2018-11-07T11:06:08.000Z,-55.70411166666666,15.2019,28.1432,34.5497,NA,12.73,89.51
2018-11-07T12:06:09.000Z,-55.69307499999999,15.140223333333331,28.1946,34.4526,NA,10.95,114.14
2018-11-07T13:06:10.000Z,-55.67989500000001,15.075435,28.2383,34.375,NA,16.97,96.61
2018-11-07T14:06:11.000Z,-55.67497833333333,15.010623333333335,28.2593,34.3303,NA,23.18,104.36
2018-11-07T15:06:12.000Z,-55.686994999999996,15.013584999999999,28.2737,34.3663,NA,11.64,100.11
2018-11-07T16:06:13.000Z,-55.70235833333333,15.003056666666664,28.3292,34.4244,NA,19.38,100.18
2018-11-07T17:06:14.000Z,-55.71513333333334,14.986978333333331,28.3322,34.4478,NA,11.88,131.32
2018-11-07T18:06:15.000Z,-55.706315,14.926921666666667,28.3261,34.4133,NA,16.47,163.61
2018-11-07T19:06:16.000Z,-55.69110499999999,14.869501666666666,28.2963,34.4254,NA,10.98,185.7
2018-11-07T20:06:16.000Z,-55.66953833333334,14.810053333333332,28.2974,34.4088,NA,5.51,122.44
2018-11-07T21:06:17.000Z,-55.63971,14.730730000000003,28.3114,34.3717,NA,14.66,119.47
2018-11-07T22:06:18.000Z,-55.610698333333325,14.654366666666665,28.237,34.2721,NA,21.93,140.64
2018-11-07T23:06:19.000Z,-55.59050333333333,14.569711666666667,28.1876,34.3465,NA,26.25,333.63
2018-11-08T00:06:20.000Z,-55.581038333333325,14.495793333333333,28.3167,34.5465,NA,23.73,63.78
2018-11-08T01:06:21.000Z,-55.56109166666667,14.415073333333332,28.2485,34.2715,NA,9.79,91.16
2018-11-08T02:06:22.000Z,-55.53937166666666,14.331536666666667,28.3127,34.1456,NA,16.7,72.26
2018-11-08T03:06:23.000Z,-55.51963500000001,14.244815000000003,28.4212,33.8604,NA,22.29,88.19
2018-11-08T04:06:24.000Z,-55.53371166666667,14.212088333333336,28.4185,33.928,NA,14.68,147.02
2018-11-08T05:06:25.000Z,-55.523755,14.129921666666668,28.4795,33.8197,NA,20.69,115.51
2018-11-08T06:06:26.000Z,-55.515190000000004,14.041698333333335,28.5211,33.7779,NA,13.96,112.48
2018-11-08T07:06:27.000Z,-55.505405,13.94801,28.4947,33.8747,NA,10.45,99.68
2018-11-08T08:06:27.000Z,-55.493430000000004,13.855791666666669,28.4763,33.902,NA,15.26,37.01
2018-11-08T09:06:28.000Z,-55.48639333333334,13.766348333333333,28.5393,33.8589,NA,18.4,128.12
2018-11-08T10:06:29.000Z,-55.475829999999995,13.677144999999998,28.5332,34.0921,NA,13.83,107.76
2018-11-08T11:06:30.000Z,-55.46422833333333,13.583279999999998,28.5297,34.1241,NA,21.6,93.52
2018-11-08T12:06:31.000Z,-55.45217500000001,13.493174999999999,28.5551,34.2042,NA,22.02,103.57
2018-11-08T13:06:32.000Z,-55.456691666666664,13.401796666666666,28.5833,34.356,NA,20.68,115.92
2018-11-08T14:06:33.000Z,-55.48296166666667,13.364913333333336,28.5677,34.7052,NA,16.06,136.74
2018-11-08T15:06:34.000Z,-55.50369666666667,13.367656666666667,28.5865,34.725,NA,18.38,114.81
2018-11-08T16:06:35.000Z,-55.52261,13.35961166666667,28.6054,34.6633,NA,15.31,107.71
2018-11-08T17:06:36.000Z,-55.53577000000001,13.328503333333332,28.6726,34.5712,NA,15,106.81
2018-11-08T18:06:37.000Z,-55.546459999999996,13.258513333333333,28.7049,34.5565,NA,16.99,94.78
2018-11-08T19:06:38.000Z,-55.55480833333333,13.163638333333331,28.6422,34.5713,NA,23.17,83.31
2018-11-08T20:06:39.000Z,-55.55463833333333,13.076450000000001,28.6413,34.6121,NA,21.35,96.8
2018-11-08T21:06:39.000Z,-55.565576666666665,12.965090000000002,28.6583,34.6958,NA,30.44,92.88
2018-11-08T22:06:40.000Z,-55.573433333333334,12.902555,28.5543,34.7259,NA,15.37,108.63
2018-11-08T23:06:41.000Z,-55.583380000000005,12.813721666666668,28.5888,34.7302,NA,24.41,108.25
2018-11-09T00:06:42.000Z,-55.591378333333324,12.71110333333333,28.5285,34.731,NA,24.78,96.03
2018-11-09T01:06:43.000Z,-55.595465,12.60506666666667,28.4828,34.9251,NA,26.1,100.43
2018-11-09T02:06:44.000Z,-55.61784833333333,12.571551666666666,28.4933,34.9395,NA,23.18,95.36
2018-11-09T03:06:45.000Z,-55.636709999999994,12.555879999999998,28.467,34.9594,NA,23.11,90.04
2018-11-09T04:06:46.000Z,-55.66265833333334,12.51670333333333,28.4617,35.0612,NA,20.61,92.95
2018-11-09T05:06:47.000Z,-55.67898666666667,12.483033333333331,28.4728,35.1404,NA,18.69,107.24
2018-11-09T06:06:48.000Z,-55.68962333333334,12.391883333333332,28.4713,35.1202,NA,19.2,81.51
2018-11-09T07:06:49.000Z,-55.696279999999994,12.293986666666667,28.4767,35.0612,NA,17.49,100.75
2018-11-09T08:06:50.000Z,-55.71379833333334,12.194861666666668,28.4359,34.9828,NA,16.87,98.53
2018-11-09T09:06:51.000Z,-55.726549999999996,12.109651666666664,28.4808,34.9613,NA,17.84,90.87
2018-11-09T10:06:51.000Z,-55.73523,12.024450000000002,28.5018,35.053,NA,27.64,84.97
2018-11-09T11:06:52.000Z,-55.74265333333333,11.928101666666667,28.4804,35.0529,NA,17.96,80.57
2018-11-09T12:06:53.000Z,-55.761358333333334,11.865518333333334,28.5061,35.0941,NA,8.01,161.92
2018-11-09T13:06:54.000Z,-55.78975,11.82815,28.5237,35.1833,NA,7.29,111.58
2018-11-09T14:06:55.000Z,-55.805620000000005,11.82920333333333,28.5374,35.2176,NA,12.47,117.61
2018-11-09T15:06:56.000Z,-55.81891,11.827773333333335,28.5725,35.2434,NA,13.95,96.33
2018-11-09T16:06:57.000Z,-55.83168666666667,11.824996666666667,28.5011,35.1872,NA,14.06,96.27
2018-11-09T17:06:58.000Z,-55.84390499999999,11.820151666666668,28.493,35.1606,NA,12.78,89.56
2018-11-09T18:06:59.000Z,-55.856868333333324,11.799568333333331,28.4458,34.8825,NA,9.05,158.78
2018-11-09T19:07:00.000Z,-55.872856666666664,11.794828333333331,28.3992,34.8776,NA,9.61,173.77
2018-11-09T20:07:01.000Z,-55.90333000000001,11.795625000000001,27.9205,33.8743,NA,0.84,101.62
2018-11-09T21:07:02.000Z,-55.98541666666667,11.793285,28.0645,34.0105,NA,4.17,81.74
2018-11-09T22:07:02.000Z,-56.102958333333326,11.773745,28.5748,35.5789,NA,7.05,102.7
2018-11-09T23:07:03.000Z,-56.21916666666666,11.779378333333334,28.5942,35.5782,NA,7.3,56.39
2018-11-10T00:07:04.000Z,-56.330541666666676,11.786501666666668,NA,NA,NA,2.32,63.43
2018-11-10T01:06:05.000Z,-56.44101666666668,11.806363333333335,NA,NA,NA,7.63,84.3
2018-11-10T02:06:06.000Z,-56.55535666666666,11.824596666666665,NA,NA,NA,7.17,69.45
2018-11-10T03:06:07.000Z,-56.66974666666667,11.841983333333335,NA,NA,NA,6.17,92.23
2018-11-10T04:06:08.000Z,-56.785268333333335,11.857516666666665,NA,NA,NA,10.57,49.42
2018-11-10T05:06:09.000Z,-56.89914666666667,11.874324999999999,NA,NA,NA,9.27,72.9
2018-11-10T06:06:10.000Z,-57.015541666666664,11.889886666666667,NA,NA,NA,9.66,55.39
2018-11-10T07:06:11.000Z,-57.133075,11.906089999999997,NA,NA,NA,5.47,67.76
2018-11-10T08:06:12.000Z,-57.24848666666667,11.921958333333336,NA,NA,NA,5.23,63.7
2018-11-10T09:06:13.000Z,-57.36349833333334,11.942416666666666,NA,NA,NA,6.77,79.51
2018-11-10T10:06:14.000Z,-57.47896833333333,11.965023333333331,NA,NA,NA,8.77,58.95
2018-11-10T11:06:15.000Z,-57.56928333333334,11.983333333333333,NA,NA,NA,10.34,42.29
2018-11-10T12:06:15.000Z,-57.63082166666666,11.992176666666667,NA,NA,NA,13.86,34.29
2018-11-10T13:06:16.000Z,-57.724646666666665,12.003716666666666,NA,NA,NA,16.7,40.85
2018-11-10T14:06:17.000Z,-57.82552000000001,12.019341666666666,NA,NA,NA,21.75,46.95
2018-11-10T15:06:18.000Z,-57.917338333333326,12.034211666666666,NA,NA,NA,16.14,55.56
2018-11-10T16:06:19.000Z,-57.99334833333334,12.041414999999999,NA,NA,NA,21.65,33.29
2018-11-10T17:06:20.000Z,-58.04369499999999,12.044628333333332,NA,NA,NA,11.99,31.6
2018-11-10T18:06:21.000Z,-58.10758666666668,12.045103333333335,NA,NA,NA,14.03,43.61
2018-11-10T19:06:22.000Z,-58.193666666666665,12.047675000000002,NA,NA,NA,12,61.82
2018-11-10T20:06:23.000Z,-58.27295666666667,12.045743333333332,NA,NA,NA,10.79,37.33
2018-11-10T21:06:24.000Z,-58.35051833333334,12.045256666666669,NA,NA,NA,15.02,15.96
2018-11-10T22:06:25.000Z,-58.431659999999994,12.042778333333334,NA,NA,NA,18.66,95.4
2018-11-10T23:06:26.000Z,-58.480189999999986,12.030163333333334,NA,NA,NA,11,48.58
2018-11-11T00:06:26.000Z,-58.51889166666667,11.999801666666666,NA,NA,NA,9.6,70.31
2018-11-11T01:06:27.000Z,-58.58822333333333,11.996028333333333,NA,NA,NA,3.98,182.02
2018-11-11T02:06:28.000Z,-58.706611666666674,12.01343166666667,NA,NA,NA,2.32,213.69
2018-11-11T03:06:29.000Z,-58.823015,12.033515,NA,NA,NA,4.35,90.79
2018-11-11T04:06:30.000Z,-58.94374500000001,12.05575833333333,NA,NA,NA,12.75,220.48
2018-11-11T05:06:31.000Z,-59.062663333333326,12.076130000000001,NA,NA,NA,7.87,144.93
2018-11-11T06:06:32.000Z,-59.18288833333333,12.06799,NA,NA,NA,7.51,91.77
2018-11-11T07:06:33.000Z,-59.30594166666667,12.062600000000002,NA,NA,NA,13.99,147.47
2018-11-11T08:06:34.000Z,-59.43097166666667,12.055878333333332,NA,NA,NA,16.91,104.23
2018-11-11T09:06:35.000Z,-59.52789333333333,12.049248333333333,NA,NA,NA,15.5,90.84
2018-11-11T10:06:36.000Z,-59.588985,12.04356,NA,NA,NA,13.66,70.66
2018-11-11T11:06:37.000Z,-59.66087166666666,12.039805000000003,NA,NA,NA,18.18,117.64
2018-11-11T12:06:38.000Z,-59.76264833333333,12.047403333333333,NA,NA,NA,18.2,69.84
2018-11-11T13:06:38.000Z,-59.85073,12.0707,NA,NA,NA,21.71,92.36
2018-11-11T14:06:39.000Z,-59.940761666666674,12.113256666666667,NA,NA,NA,18.82,146.08
2018-11-11T15:06:40.000Z,-60.03494000000001,12.133756666666667,NA,NA,NA,19.85,147.98
2018-11-11T16:06:41.000Z,-60.12890666666667,12.156616666666665,NA,NA,NA,19.69,134.14
2018-11-11T17:06:42.000Z,-60.23087333333333,12.181853333333333,NA,NA,NA,17.25,150.82
2018-11-11T18:06:43.000Z,-60.33572166666666,12.209909999999999,NA,NA,NA,15.97,155.25
2018-11-11T19:06:44.000Z,-60.44422333333333,12.235813333333331,NA,NA,NA,22.38,148.69
2018-11-11T20:06:45.000Z,-60.543075,12.264915,NA,NA,NA,21.08,155.24
2018-11-11T21:06:46.000Z,-60.645525,12.280085,NA,NA,NA,18.13,70.32
2018-11-11T22:06:47.000Z,-60.76379000000001,12.285005000000002,NA,NA,NA,20.8,112.57
2018-11-11T23:06:48.000Z,-60.87766499999999,12.281053333333334,NA,NA,NA,16.97,80.17
2018-11-12T00:06:48.000Z,-60.95110833333333,12.283961666666666,NA,NA,NA,16.18,138.73
2018-11-12T01:06:49.000Z,-61.03838333333333,12.291025,NA,NA,NA,14.39,130.17
2018-11-12T02:06:50.000Z,-61.073904999999996,12.291595,NA,NA,NA,14.2,134.26
2018-11-12T03:06:51.000Z,-61.10022833333334,12.289266666666666,NA,NA,NA,10.59,102.59
2018-11-12T04:06:52.000Z,-61.12507333333333,12.269419999999997,NA,NA,NA,8.15,91.46
2018-11-12T05:06:53.000Z,-61.151920000000004,12.271058333333333,NA,NA,NA,18.31,82.46
2018-11-12T06:06:54.000Z,-61.17938000000001,12.278746666666665,28.6162,35.2311,NA,14.36,98.42
2018-11-12T07:06:55.000Z,-61.20517333333334,12.284073333333334,28.6179,35.2639,NA,15.78,57.32
2018-11-12T08:06:56.000Z,-61.23292833333334,12.296016666666667,28.6398,35.3189,NA,15.16,70.1
2018-11-12T09:06:57.000Z,-61.26253833333333,12.332273333333335,28.6814,35.459,NA,13.71,67.95
2018-11-12T10:06:58.000Z,-61.33237166666666,12.346214999999997,28.6694,35.5127,NA,17.11,53.44
2018-11-12T11:06:59.000Z,-61.423886666666675,12.354468333333333,28.7921,35.5769,NA,16.11,70.08
2018-11-12T12:07:00.000Z,-61.507475000000014,12.363383333333335,28.7895,35.5241,NA,12.4,99.14
2018-11-12T13:07:00.000Z,-61.55092500000001,12.423823333333333,28.7888,35.6646,NA,12.6,81.4
2018-11-12T14:07:01.000Z,-61.56920833333334,12.481638333333333,28.5082,35.5946,NA,14.27,87.98
2018-11-12T15:07:02.000Z,-61.57175833333334,12.561201666666667,28.4305,35.5215,NA,11.42,64.86
2018-11-12T16:07:03.000Z,-61.56606666666667,12.655115,28.5604,35.4095,NA,14.18,90.43
2018-11-12T17:07:04.000Z,-61.55406,12.73701166666667,28.7445,35.1178,NA,11.5,100.91
2018-11-12T18:07:05.000Z,-61.53520833333334,12.841518333333333,28.8025,35.1116,NA,12.63,100.24
2018-11-12T19:07:06.000Z,-61.52235000000001,12.937026666666668,28.7556,35.0145,NA,10.48,94.15
2018-11-12T20:07:07.000Z,-61.503535,13.034383333333334,28.768,35.3255,NA,10.52,106.79
2018-11-12T21:07:08.000Z,-61.489291666666674,13.109085000000002,28.6928,35.4277,NA,8.5,351.49
2018-11-12T22:07:09.000Z,-61.510066666666674,13.101696666666665,28.6943,35.394,NA,8.07,319.41
2018-11-12T23:07:10.000Z,-61.507245,13.088411666666666,NA,NA,NA,13.74,116.96
2018-11-13T00:07:10.000Z,-61.50277166666666,13.016555,NA,NA,NA,11.25,89.9
2018-11-13T01:07:11.000Z,-61.50429333333334,12.937448333333334,NA,NA,NA,14.16,75.78
2018-11-13T02:07:12.000Z,-61.51420499999999,12.852736666666667,NA,NA,NA,19.3,90.66
2018-11-13T03:06:13.000Z,-61.51918333333333,12.764719999999999,NA,NA,NA,17.88,93.67
2018-11-13T04:06:14.000Z,-61.51612166666667,12.680799999999998,NA,NA,NA,14.35,96.11
2018-11-13T05:06:15.000Z,-61.52517666666665,12.59059,NA,NA,NA,12.64,100.17
2018-11-13T06:06:16.000Z,-61.53109666666666,12.503393333333335,NA,NA,NA,18.3,101.55
2018-11-13T07:06:17.000Z,-61.51207666666665,12.578986666666665,NA,NA,NA,13.52,110.02
2018-11-13T08:06:18.000Z,-61.53543166666666,12.514771666666665,NA,NA,NA,14.51,116.99
2018-11-13T09:06:19.000Z,-61.51304833333333,12.56105,NA,NA,NA,15.05,112.66
2018-11-13T10:06:20.000Z,-61.50213000000001,12.578953333333333,NA,NA,NA,23.07,107.61
2018-11-13T11:06:21.000Z,-61.510176666666666,12.508801666666669,NA,NA,NA,11.25,102.49
2018-11-13T12:06:21.000Z,-61.49861666666667,12.504043333333334,NA,NA,NA,20.94,104.52
2018-11-13T13:06:22.000Z,-61.46190166666667,12.484133333333334,NA,NA,NA,6.13,94.5
2018-11-13T14:06:23.000Z,-61.46189333333333,12.483723333333334,NA,NA,NA,12.98,68.77
2018-11-13T15:06:24.000Z,-61.46178833333334,12.483408333333331,NA,NA,NA,15.17,75.04
2018-11-13T16:06:25.000Z,-61.46171833333332,12.483383333333332,NA,NA,NA,17.03,75.54
2018-11-13T17:06:26.000Z,-61.4618,12.483455,NA,NA,NA,13.23,71.91
2018-11-13T18:06:27.000Z,-61.46187666666666,12.483604999999999,NA,NA,NA,17.18,77.93
2018-11-13T19:06:28.000Z,-61.461875,12.483586666666667,NA,NA,NA,14.71,66.58
2018-11-13T20:06:29.000Z,-61.461855,12.483521666666663,NA,NA,NA,17.18,58.15
2018-11-13T21:06:30.000Z,-61.461891666666666,12.483608333333333,NA,NA,NA,19.18,76.11
2018-11-13T22:06:31.000Z,-61.46187666666666,12.483588333333334,NA,NA,NA,18.17,128.97
2018-11-13T23:06:32.000Z,-61.46187333333334,12.483575000000002,NA,NA,NA,19.25,69.73
2018-11-14T00:06:33.000Z,-61.461705,12.483348333333332,NA,NA,NA,19.93,60.07
2018-11-14T01:06:34.000Z,-61.46178,12.483545,NA,NA,NA,7.1,302.09
2018-11-14T02:06:35.000Z,-61.461925,12.483950000000002,NA,NA,NA,8.8,1.7
2018-11-14T03:06:35.000Z,-61.46178666666666,12.483425,NA,NA,NA,15.04,66.86
2018-11-14T04:06:36.000Z,-61.46165333333333,12.483393333333334,NA,NA,NA,9.68,69.95
2018-11-14T05:06:37.000Z,-61.461805000000005,12.483431666666668,NA,NA,NA,16.17,84.89
2018-11-14T06:06:38.000Z,-61.461690000000004,12.483459999999999,NA,NA,NA,10.05,63.34
2018-11-14T07:06:39.000Z,-61.461793333333326,12.483414999999999,NA,NA,NA,16.25,115.49
2018-11-14T08:06:40.000Z,-61.46184,12.483705000000002,NA,NA,NA,7.89,69.74
2018-11-14T09:06:41.000Z,-61.461681666666664,12.483289999999998,NA,NA,NA,1.22,311.53
2018-11-14T10:06:42.000Z,-61.46192166666666,12.483831666666665,NA,NA,NA,1.1,65.7
2018-11-14T11:06:43.000Z,-61.461963333333344,12.483925,NA,NA,NA,13.19,135.11
2018-11-14T12:06:44.000Z,-61.46189833333333,12.483623333333334,NA,NA,NA,13.98,72.06
2018-11-14T13:06:45.000Z,-61.461756666666666,12.48345,NA,NA,NA,12.81,90.13
2018-11-14T14:06:46.000Z,-61.46169833333334,12.483316666666665,NA,NA,NA,8.22,48.19
2018-11-14T15:06:47.000Z,-61.461851666666675,12.483488333333332,NA,NA,NA,17.19,57.42
2018-11-14T16:06:47.000Z,-61.46184499999999,12.483491666666666,NA,NA,NA,15.2,96.4
2018-11-14T17:06:48.000Z,-61.46182666666667,12.483471666666665,NA,NA,NA,18.2,78.28
2018-11-14T18:06:49.000Z,-61.46188666666667,12.483558333333333,NA,NA,NA,19.01,56.21
2018-11-14T19:06:50.000Z,-61.46188833333334,12.483570000000002,NA,NA,NA,22.18,80.54
2018-11-14T20:06:51.000Z,-61.46176999999999,12.483373333333335,NA,NA,NA,20.28,59.57
2018-11-14T21:06:52.000Z,-61.46188833333334,12.483570000000002,NA,NA,NA,18.1,66.66
2018-11-14T22:06:53.000Z,-61.46192333333334,12.483651666666667,NA,NA,NA,21.2,84.88
2018-11-14T23:06:54.000Z,-61.46184499999999,12.483491666666666,NA,NA,NA,10.85,242.94
2018-11-15T00:06:55.000Z,-61.46180666666667,12.483429999999997,NA,NA,NA,14.97,90.01
2018-11-15T01:06:56.000Z,-61.46174500000001,12.483324999999999,NA,NA,NA,16.17,70.44
2018-11-15T02:06:57.000Z,-61.46191166666668,12.48362,NA,NA,NA,17.98,70.72
2018-11-15T03:06:58.000Z,-61.46187333333334,12.48356,NA,NA,NA,13.04,79.31
2018-11-15T04:06:59.000Z,-61.461803333333336,12.48346166666667,NA,NA,NA,18.07,55.46
2018-11-15T05:06:59.000Z,-61.46175833333333,12.483353333333332,NA,NA,NA,22.93,62.47
2018-11-15T06:07:00.000Z,-61.461708333333334,12.483308333333333,NA,NA,NA,19.8,75.37
2018-11-15T07:07:01.000Z,-61.46174666666668,12.483348333333332,NA,NA,NA,11.11,56.25
2018-11-15T08:07:02.000Z,-61.461794999999995,12.483408333333331,NA,NA,NA,15.1,68.69
2018-11-15T09:07:03.000Z,-61.46181833333333,12.483433333333334,NA,NA,NA,16.94,54.5
2018-11-15T10:07:04.000Z,-61.46188000000001,12.483545,NA,NA,NA,26.23,80.88
2018-11-15T11:07:05.000Z,-61.461861666666664,12.483503333333331,NA,NA,NA,21.05,70.15
2018-11-15T12:07:06.000Z,-61.46182333333333,12.483448333333335,NA,NA,NA,18.01,62.78
2018-11-15T13:07:07.000Z,-61.46189,12.483591666666667,NA,NA,NA,23.2,77.29
2018-11-15T14:07:08.000Z,-61.46182166666668,12.483443333333332,NA,NA,NA,20.15,68.32
2018-11-15T15:07:09.000Z,-61.46182,12.483436666666668,NA,NA,NA,17.3,65.51
2018-11-15T16:07:10.000Z,-61.461864999999996,12.483555,NA,NA,NA,10.9,65.78
2018-11-15T17:07:10.000Z,-61.46189833333333,12.483570000000002,NA,NA,NA,14.2,74.79
2018-11-15T18:07:11.000Z,-61.461891666666666,12.483576666666666,NA,NA,NA,13.9,93.85
2018-11-15T19:07:12.000Z,-61.46189,12.483593333333333,NA,NA,NA,16.15,86.38
2018-11-15T20:07:13.000Z,-61.46187666666666,12.48353,NA,NA,NA,15.19,78.69
2018-11-15T21:07:14.000Z,-61.46182999999999,12.483476666666665,NA,NA,NA,11.15,74.07
2018-11-15T22:07:15.000Z,-61.46182999999999,12.483511666666669,NA,NA,NA,11.82,83.15
2018-11-15T23:07:16.000Z,-61.46177833333333,12.483395,NA,NA,NA,10.03,67.06
2018-11-16T00:07:17.000Z,-61.461861666666664,12.483534999999998,NA,NA,NA,18.94,92.34
2018-11-16T01:07:18.000Z,-61.46187333333334,12.483501666666667,NA,NA,NA,18.16,47.16
2018-11-16T02:07:19.000Z,-61.46184333333334,12.483480000000002,NA,NA,NA,14.28,77.73
2018-11-16T03:07:20.000Z,-61.46175499999999,12.483381666666665,NA,NA,NA,9.91,65.69
2018-11-16T04:07:21.000Z,-61.46188666666667,12.483570000000002,NA,NA,NA,10.29,72
2018-11-16T05:07:22.000Z,-61.461828333333344,12.483453333333333,NA,NA,NA,20.39,73.31
2018-11-16T06:06:22.000Z,-61.461756666666666,12.48339,NA,NA,NA,11.71,75.69
2018-11-16T07:06:23.000Z,-61.461828333333344,12.483480000000002,NA,NA,NA,22.38,69.97
2018-11-16T08:06:24.000Z,-61.461708333333334,12.483321666666665,NA,NA,NA,9.8,42.1
2018-11-16T09:06:25.000Z,-61.46180999999999,12.483438333333334,NA,NA,NA,10.11,71.76
2018-11-16T10:06:26.000Z,-61.46182999999999,12.483496666666667,NA,NA,NA,16.91,57.95
2018-11-16T11:06:27.000Z,-61.46191666666667,12.48364,NA,NA,NA,16.02,69.02
2018-11-16T12:06:28.000Z,-61.46182333333333,12.48346166666667,NA,NA,NA,17.93,60.48
2018-11-16T13:06:29.000Z,-61.46177833333333,12.483428333333332,NA,NA,NA,13.81,52.05
2018-11-16T14:06:30.000Z,-61.46168833333333,12.483276666666667,NA,NA,NA,25.3,71.01
2018-11-16T15:06:31.000Z,-61.461715,12.483391666666666,NA,NA,NA,9.8,103.36
2018-11-16T16:06:32.000Z,-61.461895000000005,12.483863333333332,NA,NA,NA,10.68,135.45
2018-11-16T17:06:33.000Z,-61.46186,12.484108333333332,NA,NA,NA,2.03,63.92
2018-11-16T18:06:33.000Z,-61.46184499999999,12.483648333333333,NA,NA,NA,2.88,100.21
2018-11-16T19:06:34.000Z,-61.46167166666668,12.483281666666668,NA,NA,NA,6.72,113.03
2018-11-16T20:06:35.000Z,-61.46185833333334,12.483483333333332,NA,NA,NA,14.14,53.97
2018-11-16T21:06:36.000Z,-61.46182,12.483428333333332,NA,NA,NA,14,63.13
2018-11-16T22:06:37.000Z,-61.46183666666668,12.483496666666667,NA,NA,NA,11.76,73.48
2018-11-16T23:06:38.000Z,-61.461861666666664,12.483514999999999,NA,NA,NA,20.2,72.01
2018-11-17T00:06:39.000Z,-61.46176999999999,12.483384999999998,NA,NA,NA,10.04,68.02
2018-11-17T01:06:40.000Z,-61.46181166666667,12.483504999999997,NA,NA,NA,16.84,64.17
2018-11-17T02:06:41.000Z,-61.46180666666667,12.483439999999998,NA,NA,NA,17.96,77.06
2018-11-17T03:06:42.000Z,-61.46189833333333,12.483591666666667,NA,NA,NA,20.19,58.26
2018-11-17T04:06:43.000Z,-61.46181166666667,12.483411666666665,NA,NA,NA,19.2,70.9
2018-11-17T05:06:44.000Z,-61.461875,12.483521666666663,NA,NA,NA,15.03,67.87
2018-11-17T06:06:45.000Z,-61.46183166666667,12.483463333333335,NA,NA,NA,11,60.52
2018-11-17T07:06:46.000Z,-61.461848333333336,12.483474999999999,NA,NA,NA,12.3,88.52
2018-11-17T08:06:47.000Z,-61.46186666666667,12.483528333333334,NA,NA,NA,14.03,77.06
2018-11-17T09:06:48.000Z,-61.46178333333334,12.483405000000001,NA,NA,NA,10.29,73.82
2018-11-17T10:06:49.000Z,-61.46175833333333,12.483383333333332,NA,NA,NA,13.09,42.64
2018-11-17T11:06:50.000Z,-61.46182999999999,12.483579999999998,NA,NA,NA,8,85.88
2018-11-17T12:06:51.000Z,-61.461708333333334,12.483368333333333,NA,NA,NA,11.93,48.19
2018-11-17T13:06:51.000Z,-61.461765,12.483365,NA,NA,NA,15.23,83.07
2018-11-17T14:06:52.000Z,-61.46177666666667,12.483431666666668,NA,NA,NA,16.15,66.68
2018-11-17T15:06:53.000Z,-61.46184333333334,12.483474999999999,NA,NA,NA,9.11,93.24
2018-11-17T16:06:54.000Z,-61.46167333333333,12.484031666666667,28.5634,34.2692,NA,14.56,84.21
2018-11-17T17:06:55.000Z,-61.500701666666664,12.565320000000002,NA,NA,NA,21.38,88.26
2018-11-17T18:06:56.000Z,-61.491456666666664,12.680066666666669,NA,NA,NA,17.25,75.35
2018-11-17T19:06:57.000Z,-61.464801666666666,12.789638333333334,NA,NA,NA,16.58,84.46
2018-11-17T20:06:58.000Z,-61.45607833333334,12.901001666666664,NA,NA,NA,16.24,96.5
2018-11-17T21:06:59.000Z,-61.48725666666666,13.003806666666666,NA,NA,NA,17.77,93.46
2018-11-17T22:07:00.000Z,-61.506989999999995,13.073231666666667,NA,NA,NA,18.68,92.28
2018-11-17T23:07:01.000Z,-61.515209999999996,12.981461666666666,NA,NA,NA,22.96,73.03
2018-11-18T00:07:02.000Z,-61.51996166666667,12.889571666666665,NA,NA,NA,18.29,87.03
2018-11-18T01:07:03.000Z,-61.52124999999999,12.784403333333334,NA,NA,NA,24.77,87.31
2018-11-18T02:07:03.000Z,-61.52666,12.659268333333335,NA,NA,NA,22.08,85.9
